states,id,year,mapped,states_source,states_code,states_code_source,id_source,year_source,population,population_source,states_source,states_code_source,id_source,year_source,population_source,mapped
Alabama,1,2010,True,us-population-2010-2019-states-code.csv,AL,us-population-2010-2019-states-code.csv,us-population-2010-2019-states-code.csv,us-population-2010-2019-states-code.csv,4785437,us-population-2010-2019-states-code.csv,us-population-2010-2019-states-code.csv,us-population-2010-2019-states-code.csv,us-population-2010-2019-states-code.csv,us-population-2010-2019-states-code.csv,us-population-2010-2019-states-code.csv,True
Alaska,2,2010,True,us-population-2010-2019-states-code.csv,AK,us-population-2010-2019-states-code.csv,us-population-2010-2019-states-code.csv,us-population-2010-2019-states-code.csv,713910,us-population-2010-2019-states-code.csv,us-population-2010-2019-states-code.csv,us-population-2010-2019-states-code.csv,us-population-2010-2019-states-code.csv,us-population-2010-2019-states-code.csv,us-population-2010-2019-states-code.csv,True
Arizona,4,2010,True,us-population-2010-2019-states-code.csv,AZ,us-population-2010-2019-states-code.csv,us-population-2010-2019-states-code.csv,us-population-2010-2019-states-code.csv,6407172,us-population-2010-2019-states-code.csv,us-population-2010-2019-states-code.csv,us-population-2010-2019-states-code.csv,us-population-2010-2019-states-code.csv,us-population-2010-2019-states-code.csv,us-population-2010-2019-states-code.csv,True
Arkansas,5,2010,True,us-population-2010-2019-states-code.csv,AR,us-population-2010-2019-states-code.csv,us-population-2010-2019-states-code.csv,us-population-2010-2019-states-code.csv,2921964,us-population-2010-2019-states-code.csv,us-population-2010-2019-states-code.csv,us-population-2010-2019-states-code.csv,us-population-2010-2019-states-code.csv,us-population-2010-2019-states-code.csv,us-population-2010-2019-states-code.csv,True
California,6,2010,True,us-population-2010-2019-states-code.csv,CA,us-population-2010-2019-states-code.csv,us-population-2010-2019-states-code.csv,us-population-2010-2019-states-code.csv,37319502,us-population-2010-2019-states-code.csv,us-population-2010-2019-states-code.csv,us-population-2010-2019-states-code.csv,us-population-2010-2019-states-code.csv,us-population-2010-2019-states-code.csv,us-population-2010-2019-states-code.csv,True
Colorado,8,2010,True,us-population-2010-2019-states-code.csv,CO,us-population-2010-2019-states-code.csv,us-population-2010-2019-states-code.csv,us-population-2010-2019-states-code.csv,5047349,us-population-2010-2019-states-code.csv,us-population-2010-2019-states-code.csv,us-population-2010-2019-states-code.csv,us-population-2010-2019-states-code.csv,us-population-2010-2019-states-code.csv,us-population-2010-2019-states-code.csv,True
Connecticut,9,2010,True,us-population-2010-2019-states-code.csv,CT,us-population-2010-2019-states-code.csv,us-population-2010-2019-states-code.csv,us-population-2010-2019-states-code.csv,3579114,us-population-2010-2019-states-code.csv,us-population-2010-2019-states-code.csv,us-population-2010-2019-states-code.csv,us-population-2010-2019-states-code.csv,us-population-2010-2019-states-code.csv,us-population-2010-2019-states-code.csv,True
Delaware,10,2010,True,us-population-2010-2019-states-code.csv,DE,us-population-2010-2019-states-code.csv,us-population-2010-2019-states-code.csv,us-population-2010-2019-states-code.csv,899593,us-population-2010-2019-states-code.csv,us-population-2010-2019-states-code.csv,us-population-2010-2019-states-code.csv,us-population-2010-2019-states-code.csv,us-population-2010-2019-states-code.csv,us-population-2010-2019-states-code.csv,True
District of Columbia,11,2010,True,us-population-2010-2019-states-code.csv,DC,us-population-2010-2019-states-code.csv,us-population-2010-2019-states-code.csv,us-population-2010-2019-states-code.csv,605226,us-population-2010-2019-states-code.csv,us-population-2010-2019-states-code.csv,us-population-2010-2019-states-code.csv,us-population-2010-2019-states-code.csv,us-population-2010-2019-states-code.csv,us-population-2010-2019-states-code.csv,True
Florida,12,2010,True,us-population-2010-2019-states-code.csv,FL,us-population-2010-2019-states-code.csv,us-population-2010-2019-states-code.csv,us-population-2010-2019-states-code.csv,18845537,us-population-2010-2019-states-code.csv,us-population-2010-2019-states-code.csv,us-population-2010-2019-states-code.csv,us-population-2010-2019-states-code.csv,us-population-2010-2019-states-code.csv,us-population-2010-2019-states-code.csv,True
Georgia,13,2010,True,us-population-2010-2019-states-code.csv,GA,us-population-2010-2019-states-code.csv,us-population-2010-2019-states-code.csv,us-population-2010-2019-states-code.csv,9711881,us-population-2010-2019-states-code.csv,us-population-2010-2019-states-code.csv,us-population-2010-2019-states-code.csv,us-population-2010-2019-states-code.csv,us-population-2010-2019-states-code.csv,us-population-2010-2019-states-code.csv,True
Hawaii,15,2010,True,us-population-2010-2019-states-code.csv,HI,us-population-2010-2019-states-code.csv,us-population-2010-2019-states-code.csv,us-population-2010-2019-states-code.csv,1363963,us-population-2010-2019-states-code.csv,us-population-2010-2019-states-code.csv,us-population-2010-2019-states-code.csv,us-population-2010-2019-states-code.csv,us-population-2010-2019-states-code.csv,us-population-2010-2019-states-code.csv,True
Idaho,16,2010,True,us-population-2010-2019-states-code.csv,ID,us-population-2010-2019-states-code.csv,us-population-2010-2019-states-code.csv,us-population-2010-2019-states-code.csv,1570746,us-population-2010-2019-states-code.csv,us-population-2010-2019-states-code.csv,us-population-2010-2019-states-code.csv,us-population-2010-2019-states-code.csv,us-population-2010-2019-states-code.csv,us-population-2010-2019-states-code.csv,True
Illinois,17,2010,True,us-population-2010-2019-states-code.csv,IL,us-population-2010-2019-states-code.csv,us-population-2010-2019-states-code.csv,us-population-2010-2019-states-code.csv,12840503,us-population-2010-2019-states-code.csv,us-population-2010-2019-states-code.csv,us-population-2010-2019-states-code.csv,us-population-2010-2019-states-code.csv,us-population-2010-2019-states-code.csv,us-population-2010-2019-states-code.csv,True
Indiana,18,2010,True,us-population-2010-2019-states-code.csv,IN,us-population-2010-2019-states-code.csv,us-population-2010-2019-states-code.csv,us-population-2010-2019-states-code.csv,6490432,us-population-2010-2019-states-code.csv,us-population-2010-2019-states-code.csv,us-population-2010-2019-states-code.csv,us-population-2010-2019-states-code.csv,us-population-2010-2019-states-code.csv,us-population-2010-2019-states-code.csv,True
Iowa,19,2010,True,us-population-2010-2019-states-code.csv,IA,us-population-2010-2019-states-code.csv,us-population-2010-2019-states-code.csv,us-population-2010-2019-states-code.csv,3050745,us-population-2010-2019-states-code.csv,us-population-2010-2019-states-code.csv,us-population-2010-2019-states-code.csv,us-population-2010-2019-states-code.csv,us-population-2010-2019-states-code.csv,us-population-2010-2019-states-code.csv,True
Kansas,20,2010,True,us-population-2010-2019-states-code.csv,KS,us-population-2010-2019-states-code.csv,us-population-2010-2019-states-code.csv,us-population-2010-2019-states-code.csv,2858190,us-population-2010-2019-states-code.csv,us-population-2010-2019-states-code.csv,us-population-2010-2019-states-code.csv,us-population-2010-2019-states-code.csv,us-population-2010-2019-states-code.csv,us-population-2010-2019-states-code.csv,True
Kentucky,21,2010,True,us-population-2010-2019-states-code.csv,KY,us-population-2010-2019-states-code.csv,us-population-2010-2019-states-code.csv,us-population-2010-2019-states-code.csv,4348181,us-population-2010-2019-states-code.csv,us-population-2010-2019-states-code.csv,us-population-2010-2019-states-code.csv,us-population-2010-2019-states-code.csv,us-population-2010-2019-states-code.csv,us-population-2010-2019-states-code.csv,True
Louisiana,22,2010,True,us-population-2010-2019-states-code.csv,LA,us-population-2010-2019-states-code.csv,us-population-2010-2019-states-code.csv,us-population-2010-2019-states-code.csv,4544532,us-population-2010-2019-states-code.csv,us-population-2010-2019-states-code.csv,us-population-2010-2019-states-code.csv,us-population-2010-2019-states-code.csv,us-population-2010-2019-states-code.csv,us-population-2010-2019-states-code.csv,True
Maine,23,2010,True,us-population-2010-2019-states-code.csv,ME,us-population-2010-2019-states-code.csv,us-population-2010-2019-states-code.csv,us-population-2010-2019-states-code.csv,1327629,us-population-2010-2019-states-code.csv,us-population-2010-2019-states-code.csv,us-population-2010-2019-states-code.csv,us-population-2010-2019-states-code.csv,us-population-2010-2019-states-code.csv,us-population-2010-2019-states-code.csv,True
Maryland,24,2010,True,us-population-2010-2019-states-code.csv,MD,us-population-2010-2019-states-code.csv,us-population-2010-2019-states-code.csv,us-population-2010-2019-states-code.csv,5788645,us-population-2010-2019-states-code.csv,us-population-2010-2019-states-code.csv,us-population-2010-2019-states-code.csv,us-population-2010-2019-states-code.csv,us-population-2010-2019-states-code.csv,us-population-2010-2019-states-code.csv,True
Massachusetts,25,2010,True,us-population-2010-2019-states-code.csv,MA,us-population-2010-2019-states-code.csv,us-population-2010-2019-states-code.csv,us-population-2010-2019-states-code.csv,6566307,us-population-2010-2019-states-code.csv,us-population-2010-2019-states-code.csv,us-population-2010-2019-states-code.csv,us-population-2010-2019-states-code.csv,us-population-2010-2019-states-code.csv,us-population-2010-2019-states-code.csv,True
Michigan,26,2010,True,us-population-2010-2019-states-code.csv,MI,us-population-2010-2019-states-code.csv,us-population-2010-2019-states-code.csv,us-population-2010-2019-states-code.csv,9877510,us-population-2010-2019-states-code.csv,us-population-2010-2019-states-code.csv,us-population-2010-2019-states-code.csv,us-population-2010-2019-states-code.csv,us-population-2010-2019-states-code.csv,us-population-2010-2019-states-code.csv,True
Minnesota,27,2010,True,us-population-2010-2019-states-code.csv,MN,us-population-2010-2019-states-code.csv,us-population-2010-2019-states-code.csv,us-population-2010-2019-states-code.csv,5310828,us-population-2010-2019-states-code.csv,us-population-2010-2019-states-code.csv,us-population-2010-2019-states-code.csv,us-population-2010-2019-states-code.csv,us-population-2010-2019-states-code.csv,us-population-2010-2019-states-code.csv,True
Mississippi,28,2010,True,us-population-2010-2019-states-code.csv,MS,us-population-2010-2019-states-code.csv,us-population-2010-2019-states-code.csv,us-population-2010-2019-states-code.csv,2970548,us-population-2010-2019-states-code.csv,us-population-2010-2019-states-code.csv,us-population-2010-2019-states-code.csv,us-population-2010-2019-states-code.csv,us-population-2010-2019-states-code.csv,us-population-2010-2019-states-code.csv,True
Missouri,29,2010,True,us-population-2010-2019-states-code.csv,MO,us-population-2010-2019-states-code.csv,us-population-2010-2019-states-code.csv,us-population-2010-2019-states-code.csv,5995974,us-population-2010-2019-states-code.csv,us-population-2010-2019-states-code.csv,us-population-2010-2019-states-code.csv,us-population-2010-2019-states-code.csv,us-population-2010-2019-states-code.csv,us-population-2010-2019-states-code.csv,True
Montana,30,2010,True,us-population-2010-2019-states-code.csv,MT,us-population-2010-2019-states-code.csv,us-population-2010-2019-states-code.csv,us-population-2010-2019-states-code.csv,990697,us-population-2010-2019-states-code.csv,us-population-2010-2019-states-code.csv,us-population-2010-2019-states-code.csv,us-population-2010-2019-states-code.csv,us-population-2010-2019-states-code.csv,us-population-2010-2019-states-code.csv,True
Nebraska,31,2010,True,us-population-2010-2019-states-code.csv,NE,us-population-2010-2019-states-code.csv,us-population-2010-2019-states-code.csv,us-population-2010-2019-states-code.csv,1829542,us-population-2010-2019-states-code.csv,us-population-2010-2019-states-code.csv,us-population-2010-2019-states-code.csv,us-population-2010-2019-states-code.csv,us-population-2010-2019-states-code.csv,us-population-2010-2019-states-code.csv,True
Nevada,32,2010,True,us-population-2010-2019-states-code.csv,NV,us-population-2010-2019-states-code.csv,us-population-2010-2019-states-code.csv,us-population-2010-2019-states-code.csv,2702405,us-population-2010-2019-states-code.csv,us-population-2010-2019-states-code.csv,us-population-2010-2019-states-code.csv,us-population-2010-2019-states-code.csv,us-population-2010-2019-states-code.csv,us-population-2010-2019-states-code.csv,True
New Hampshire,33,2010,True,us-population-2010-2019-states-code.csv,NH,us-population-2010-2019-states-code.csv,us-population-2010-2019-states-code.csv,us-population-2010-2019-states-code.csv,1316762,us-population-2010-2019-states-code.csv,us-population-2010-2019-states-code.csv,us-population-2010-2019-states-code.csv,us-population-2010-2019-states-code.csv,us-population-2010-2019-states-code.csv,us-population-2010-2019-states-code.csv,True
New Jersey,34,2010,True,us-population-2010-2019-states-code.csv,NJ,us-population-2010-2019-states-code.csv,us-population-2010-2019-states-code.csv,us-population-2010-2019-states-code.csv,8799446,us-population-2010-2019-states-code.csv,us-population-2010-2019-states-code.csv,us-population-2010-2019-states-code.csv,us-population-2010-2019-states-code.csv,us-population-2010-2019-states-code.csv,us-population-2010-2019-states-code.csv,True
New Mexico,35,2010,True,us-population-2010-2019-states-code.csv,NM,us-population-2010-2019-states-code.csv,us-population-2010-2019-states-code.csv,us-population-2010-2019-states-code.csv,2064552,us-population-2010-2019-states-code.csv,us-population-2010-2019-states-code.csv,us-population-2010-2019-states-code.csv,us-population-2010-2019-states-code.csv,us-population-2010-2019-states-code.csv,us-population-2010-2019-states-code.csv,True
New York,36,2010,True,us-population-2010-2019-states-code.csv,NY,us-population-2010-2019-states-code.csv,us-population-2010-2019-states-code.csv,us-population-2010-2019-states-code.csv,19399878,us-population-2010-2019-states-code.csv,us-population-2010-2019-states-code.csv,us-population-2010-2019-states-code.csv,us-population-2010-2019-states-code.csv,us-population-2010-2019-states-code.csv,us-population-2010-2019-states-code.csv,True
North Carolina,37,2010,True,us-population-2010-2019-states-code.csv,NC,us-population-2010-2019-states-code.csv,us-population-2010-2019-states-code.csv,us-population-2010-2019-states-code.csv,9574323,us-population-2010-2019-states-code.csv,us-population-2010-2019-states-code.csv,us-population-2010-2019-states-code.csv,us-population-2010-2019-states-code.csv,us-population-2010-2019-states-code.csv,us-population-2010-2019-states-code.csv,True
North Dakota,38,2010,True,us-population-2010-2019-states-code.csv,ND,us-population-2010-2019-states-code.csv,us-population-2010-2019-states-code.csv,us-population-2010-2019-states-code.csv,674715,us-population-2010-2019-states-code.csv,us-population-2010-2019-states-code.csv,us-population-2010-2019-states-code.csv,us-population-2010-2019-states-code.csv,us-population-2010-2019-states-code.csv,us-population-2010-2019-states-code.csv,True
Ohio,39,2010,True,us-population-2010-2019-states-code.csv,OH,us-population-2010-2019-states-code.csv,us-population-2010-2019-states-code.csv,us-population-2010-2019-states-code.csv,11539336,us-population-2010-2019-states-code.csv,us-population-2010-2019-states-code.csv,us-population-2010-2019-states-code.csv,us-population-2010-2019-states-code.csv,us-population-2010-2019-states-code.csv,us-population-2010-2019-states-code.csv,True
Oklahoma,40,2010,True,us-population-2010-2019-states-code.csv,OK,us-population-2010-2019-states-code.csv,us-population-2010-2019-states-code.csv,us-population-2010-2019-states-code.csv,3759944,us-population-2010-2019-states-code.csv,us-population-2010-2019-states-code.csv,us-population-2010-2019-states-code.csv,us-population-2010-2019-states-code.csv,us-population-2010-2019-states-code.csv,us-population-2010-2019-states-code.csv,True
Oregon,41,2010,True,us-population-2010-2019-states-code.csv,OR,us-population-2010-2019-states-code.csv,us-population-2010-2019-states-code.csv,us-population-2010-2019-states-code.csv,3837491,us-population-2010-2019-states-code.csv,us-population-2010-2019-states-code.csv,us-population-2010-2019-states-code.csv,us-population-2010-2019-states-code.csv,us-population-2010-2019-states-code.csv,us-population-2010-2019-states-code.csv,True
Pennsylvania,42,2010,True,us-population-2010-2019-states-code.csv,PA,us-population-2010-2019-states-code.csv,us-population-2010-2019-states-code.csv,us-population-2010-2019-states-code.csv,12711160,us-population-2010-2019-states-code.csv,us-population-2010-2019-states-code.csv,us-population-2010-2019-states-code.csv,us-population-2010-2019-states-code.csv,us-population-2010-2019-states-code.csv,us-population-2010-2019-states-code.csv,True
Puerto Rico,72,2010,True,us-population-2010-2019-states-code.csv,PR,us-population-2010-2019-states-code.csv,us-population-2010-2019-states-code.csv,us-population-2010-2019-states-code.csv,3721525,us-population-2010-2019-states-code.csv,us-population-2010-2019-states-code.csv,us-population-2010-2019-states-code.csv,us-population-2010-2019-states-code.csv,us-population-2010-2019-states-code.csv,us-population-2010-2019-states-code.csv,True
Rhode Island,44,2010,True,us-population-2010-2019-states-code.csv,RI,us-population-2010-2019-states-code.csv,us-population-2010-2019-states-code.csv,us-population-2010-2019-states-code.csv,1053959,us-population-2010-2019-states-code.csv,us-population-2010-2019-states-code.csv,us-population-2010-2019-states-code.csv,us-population-2010-2019-states-code.csv,us-population-2010-2019-states-code.csv,us-population-2010-2019-states-code.csv,True
South Carolina,45,2010,True,us-population-2010-2019-states-code.csv,SC,us-population-2010-2019-states-code.csv,us-population-2010-2019-states-code.csv,us-population-2010-2019-states-code.csv,4635649,us-population-2010-2019-states-code.csv,us-population-2010-2019-states-code.csv,us-population-2010-2019-states-code.csv,us-population-2010-2019-states-code.csv,us-population-2010-2019-states-code.csv,us-population-2010-2019-states-code.csv,True
South Dakota,46,2010,True,us-population-2010-2019-states-code.csv,SD,us-population-2010-2019-states-code.csv,us-population-2010-2019-states-code.csv,us-population-2010-2019-states-code.csv,816166,us-population-2010-2019-states-code.csv,us-population-2010-2019-states-code.csv,us-population-2010-2019-states-code.csv,us-population-2010-2019-states-code.csv,us-population-2010-2019-states-code.csv,us-population-2010-2019-states-code.csv,True
Tennessee,47,2010,True,us-population-2010-2019-states-code.csv,TN,us-population-2010-2019-states-code.csv,us-population-2010-2019-states-code.csv,us-population-2010-2019-states-code.csv,6355311,us-population-2010-2019-states-code.csv,us-population-2010-2019-states-code.csv,us-population-2010-2019-states-code.csv,us-population-2010-2019-states-code.csv,us-population-2010-2019-states-code.csv,us-population-2010-2019-states-code.csv,True
Texas,48,2010,True,us-population-2010-2019-states-code.csv,TX,us-population-2010-2019-states-code.csv,us-population-2010-2019-states-code.csv,us-population-2010-2019-states-code.csv,25241971,us-population-2010-2019-states-code.csv,us-population-2010-2019-states-code.csv,us-population-2010-2019-states-code.csv,us-population-2010-2019-states-code.csv,us-population-2010-2019-states-code.csv,us-population-2010-2019-states-code.csv,True
Utah,49,2010,True,us-population-2010-2019-states-code.csv,UT,us-population-2010-2019-states-code.csv,us-population-2010-2019-states-code.csv,us-population-2010-2019-states-code.csv,2775332,us-population-2010-2019-states-code.csv,us-population-2010-2019-states-code.csv,us-population-2010-2019-states-code.csv,us-population-2010-2019-states-code.csv,us-population-2010-2019-states-code.csv,us-population-2010-2019-states-code.csv,True
Vermont,50,2010,True,us-population-2010-2019-states-code.csv,VT,us-population-2010-2019-states-code.csv,us-population-2010-2019-states-code.csv,us-population-2010-2019-states-code.csv,625879,us-population-2010-2019-states-code.csv,us-population-2010-2019-states-code.csv,us-population-2010-2019-states-code.csv,us-population-2010-2019-states-code.csv,us-population-2010-2019-states-code.csv,us-population-2010-2019-states-code.csv,True
Virginia,51,2010,True,us-population-2010-2019-states-code.csv,VA,us-population-2010-2019-states-code.csv,us-population-2010-2019-states-code.csv,us-population-2010-2019-states-code.csv,8023699,us-population-2010-2019-states-code.csv,us-population-2010-2019-states-code.csv,us-population-2010-2019-states-code.csv,us-population-2010-2019-states-code.csv,us-population-2010-2019-states-code.csv,us-population-2010-2019-states-code.csv,True
Washington,53,2010,True,us-population-2010-2019-states-code.csv,WA,us-population-2010-2019-states-code.csv,us-population-2010-2019-states-code.csv,us-population-2010-2019-states-code.csv,6742830,us-population-2010-2019-states-code.csv,us-population-2010-2019-states-code.csv,us-population-2010-2019-states-code.csv,us-population-2010-2019-states-code.csv,us-population-2010-2019-states-code.csv,us-population-2010-2019-states-code.csv,True
West Virginia,54,2010,True,us-population-2010-2019-states-code.csv,WV,us-population-2010-2019-states-code.csv,us-population-2010-2019-states-code.csv,us-population-2010-2019-states-code.csv,1854239,us-population-2010-2019-states-code.csv,us-population-2010-2019-states-code.csv,us-population-2010-2019-states-code.csv,us-population-2010-2019-states-code.csv,us-population-2010-2019-states-code.csv,us-population-2010-2019-states-code.csv,True
Wisconsin,55,2010,True,us-population-2010-2019-states-code.csv,WI,us-population-2010-2019-states-code.csv,us-population-2010-2019-states-code.csv,us-population-2010-2019-states-code.csv,5690475,us-population-2010-2019-states-code.csv,us-population-2010-2019-states-code.csv,us-population-2010-2019-states-code.csv,us-population-2010-2019-states-code.csv,us-population-2010-2019-states-code.csv,us-population-2010-2019-states-code.csv,True
Wyoming,56,2010,True,us-population-2010-2019-states-code.csv,WY,us-population-2010-2019-states-code.csv,us-population-2010-2019-states-code.csv,us-population-2010-2019-states-code.csv,564487,us-population-2010-2019-states-code.csv,us-population-2010-2019-states-code.csv,us-population-2010-2019-states-code.csv,us-population-2010-2019-states-code.csv,us-population-2010-2019-states-code.csv,us-population-2010-2019-states-code.csv,True
Alabama,1,2011,True,us-population-2010-2019-states-code.csv,AL,us-population-2010-2019-states-code.csv,us-population-2010-2019-states-code.csv,us-population-2010-2019-states-code.csv,4799069,us-population-2010-2019-states-code.csv,us-population-2010-2019-states-code.csv,us-population-2010-2019-states-code.csv,us-population-2010-2019-states-code.csv,us-population-2010-2019-states-code.csv,us-population-2010-2019-states-code.csv,True
Alaska,2,2011,True,us-population-2010-2019-states-code.csv,AK,us-population-2010-2019-states-code.csv,us-population-2010-2019-states-code.csv,us-population-2010-2019-states-code.csv,722128,us-population-2010-2019-states-code.csv,us-population-2010-2019-states-code.csv,us-population-2010-2019-states-code.csv,us-population-2010-2019-states-code.csv,us-population-2010-2019-states-code.csv,us-population-2010-2019-states-code.csv,True
Arizona,4,2011,True,us-population-2010-2019-states-code.csv,AZ,us-population-2010-2019-states-code.csv,us-population-2010-2019-states-code.csv,us-population-2010-2019-states-code.csv,6472643,us-population-2010-2019-states-code.csv,us-population-2010-2019-states-code.csv,us-population-2010-2019-states-code.csv,us-population-2010-2019-states-code.csv,us-population-2010-2019-states-code.csv,us-population-2010-2019-states-code.csv,True
Arkansas,5,2011,True,us-population-2010-2019-states-code.csv,AR,us-population-2010-2019-states-code.csv,us-population-2010-2019-states-code.csv,us-population-2010-2019-states-code.csv,2940667,us-population-2010-2019-states-code.csv,us-population-2010-2019-states-code.csv,us-population-2010-2019-states-code.csv,us-population-2010-2019-states-code.csv,us-population-2010-2019-states-code.csv,us-population-2010-2019-states-code.csv,True
California,6,2011,True,us-population-2010-2019-states-code.csv,CA,us-population-2010-2019-states-code.csv,us-population-2010-2019-states-code.csv,us-population-2010-2019-states-code.csv,37638369,us-population-2010-2019-states-code.csv,us-population-2010-2019-states-code.csv,us-population-2010-2019-states-code.csv,us-population-2010-2019-states-code.csv,us-population-2010-2019-states-code.csv,us-population-2010-2019-states-code.csv,True
Colorado,8,2011,True,us-population-2010-2019-states-code.csv,CO,us-population-2010-2019-states-code.csv,us-population-2010-2019-states-code.csv,us-population-2010-2019-states-code.csv,5121108,us-population-2010-2019-states-code.csv,us-population-2010-2019-states-code.csv,us-population-2010-2019-states-code.csv,us-population-2010-2019-states-code.csv,us-population-2010-2019-states-code.csv,us-population-2010-2019-states-code.csv,True
Connecticut,9,2011,True,us-population-2010-2019-states-code.csv,CT,us-population-2010-2019-states-code.csv,us-population-2010-2019-states-code.csv,us-population-2010-2019-states-code.csv,3588283,us-population-2010-2019-states-code.csv,us-population-2010-2019-states-code.csv,us-population-2010-2019-states-code.csv,us-population-2010-2019-states-code.csv,us-population-2010-2019-states-code.csv,us-population-2010-2019-states-code.csv,True
Delaware,10,2011,True,us-population-2010-2019-states-code.csv,DE,us-population-2010-2019-states-code.csv,us-population-2010-2019-states-code.csv,us-population-2010-2019-states-code.csv,907381,us-population-2010-2019-states-code.csv,us-population-2010-2019-states-code.csv,us-population-2010-2019-states-code.csv,us-population-2010-2019-states-code.csv,us-population-2010-2019-states-code.csv,us-population-2010-2019-states-code.csv,True
District of Columbia,11,2011,True,us-population-2010-2019-states-code.csv,DC,us-population-2010-2019-states-code.csv,us-population-2010-2019-states-code.csv,us-population-2010-2019-states-code.csv,619800,us-population-2010-2019-states-code.csv,us-population-2010-2019-states-code.csv,us-population-2010-2019-states-code.csv,us-population-2010-2019-states-code.csv,us-population-2010-2019-states-code.csv,us-population-2010-2019-states-code.csv,True
Florida,12,2011,True,us-population-2010-2019-states-code.csv,FL,us-population-2010-2019-states-code.csv,us-population-2010-2019-states-code.csv,us-population-2010-2019-states-code.csv,19053237,us-population-2010-2019-states-code.csv,us-population-2010-2019-states-code.csv,us-population-2010-2019-states-code.csv,us-population-2010-2019-states-code.csv,us-population-2010-2019-states-code.csv,us-population-2010-2019-states-code.csv,True
Georgia,13,2011,True,us-population-2010-2019-states-code.csv,GA,us-population-2010-2019-states-code.csv,us-population-2010-2019-states-code.csv,us-population-2010-2019-states-code.csv,9802431,us-population-2010-2019-states-code.csv,us-population-2010-2019-states-code.csv,us-population-2010-2019-states-code.csv,us-population-2010-2019-states-code.csv,us-population-2010-2019-states-code.csv,us-population-2010-2019-states-code.csv,True
Hawaii,15,2011,True,us-population-2010-2019-states-code.csv,HI,us-population-2010-2019-states-code.csv,us-population-2010-2019-states-code.csv,us-population-2010-2019-states-code.csv,1379329,us-population-2010-2019-states-code.csv,us-population-2010-2019-states-code.csv,us-population-2010-2019-states-code.csv,us-population-2010-2019-states-code.csv,us-population-2010-2019-states-code.csv,us-population-2010-2019-states-code.csv,True
Idaho,16,2011,True,us-population-2010-2019-states-code.csv,ID,us-population-2010-2019-states-code.csv,us-population-2010-2019-states-code.csv,us-population-2010-2019-states-code.csv,1583910,us-population-2010-2019-states-code.csv,us-population-2010-2019-states-code.csv,us-population-2010-2019-states-code.csv,us-population-2010-2019-states-code.csv,us-population-2010-2019-states-code.csv,us-population-2010-2019-states-code.csv,True
Illinois,17,2011,True,us-population-2010-2019-states-code.csv,IL,us-population-2010-2019-states-code.csv,us-population-2010-2019-states-code.csv,us-population-2010-2019-states-code.csv,12867454,us-population-2010-2019-states-code.csv,us-population-2010-2019-states-code.csv,us-population-2010-2019-states-code.csv,us-population-2010-2019-states-code.csv,us-population-2010-2019-states-code.csv,us-population-2010-2019-states-code.csv,True
Indiana,18,2011,True,us-population-2010-2019-states-code.csv,IN,us-population-2010-2019-states-code.csv,us-population-2010-2019-states-code.csv,us-population-2010-2019-states-code.csv,6516528,us-population-2010-2019-states-code.csv,us-population-2010-2019-states-code.csv,us-population-2010-2019-states-code.csv,us-population-2010-2019-states-code.csv,us-population-2010-2019-states-code.csv,us-population-2010-2019-states-code.csv,True
Iowa,19,2011,True,us-population-2010-2019-states-code.csv,IA,us-population-2010-2019-states-code.csv,us-population-2010-2019-states-code.csv,us-population-2010-2019-states-code.csv,3066336,us-population-2010-2019-states-code.csv,us-population-2010-2019-states-code.csv,us-population-2010-2019-states-code.csv,us-population-2010-2019-states-code.csv,us-population-2010-2019-states-code.csv,us-population-2010-2019-states-code.csv,True
Kansas,20,2011,True,us-population-2010-2019-states-code.csv,KS,us-population-2010-2019-states-code.csv,us-population-2010-2019-states-code.csv,us-population-2010-2019-states-code.csv,2869225,us-population-2010-2019-states-code.csv,us-population-2010-2019-states-code.csv,us-population-2010-2019-states-code.csv,us-population-2010-2019-states-code.csv,us-population-2010-2019-states-code.csv,us-population-2010-2019-states-code.csv,True
Kentucky,21,2011,True,us-population-2010-2019-states-code.csv,KY,us-population-2010-2019-states-code.csv,us-population-2010-2019-states-code.csv,us-population-2010-2019-states-code.csv,4369821,us-population-2010-2019-states-code.csv,us-population-2010-2019-states-code.csv,us-population-2010-2019-states-code.csv,us-population-2010-2019-states-code.csv,us-population-2010-2019-states-code.csv,us-population-2010-2019-states-code.csv,True
Louisiana,22,2011,True,us-population-2010-2019-states-code.csv,LA,us-population-2010-2019-states-code.csv,us-population-2010-2019-states-code.csv,us-population-2010-2019-states-code.csv,4575625,us-population-2010-2019-states-code.csv,us-population-2010-2019-states-code.csv,us-population-2010-2019-states-code.csv,us-population-2010-2019-states-code.csv,us-population-2010-2019-states-code.csv,us-population-2010-2019-states-code.csv,True
Maine,23,2011,True,us-population-2010-2019-states-code.csv,ME,us-population-2010-2019-states-code.csv,us-population-2010-2019-states-code.csv,us-population-2010-2019-states-code.csv,1328284,us-population-2010-2019-states-code.csv,us-population-2010-2019-states-code.csv,us-population-2010-2019-states-code.csv,us-population-2010-2019-states-code.csv,us-population-2010-2019-states-code.csv,us-population-2010-2019-states-code.csv,True
Maryland,24,2011,True,us-population-2010-2019-states-code.csv,MD,us-population-2010-2019-states-code.csv,us-population-2010-2019-states-code.csv,us-population-2010-2019-states-code.csv,5839419,us-population-2010-2019-states-code.csv,us-population-2010-2019-states-code.csv,us-population-2010-2019-states-code.csv,us-population-2010-2019-states-code.csv,us-population-2010-2019-states-code.csv,us-population-2010-2019-states-code.csv,True
Massachusetts,25,2011,True,us-population-2010-2019-states-code.csv,MA,us-population-2010-2019-states-code.csv,us-population-2010-2019-states-code.csv,us-population-2010-2019-states-code.csv,6613583,us-population-2010-2019-states-code.csv,us-population-2010-2019-states-code.csv,us-population-2010-2019-states-code.csv,us-population-2010-2019-states-code.csv,us-population-2010-2019-states-code.csv,us-population-2010-2019-states-code.csv,True
Michigan,26,2011,True,us-population-2010-2019-states-code.csv,MI,us-population-2010-2019-states-code.csv,us-population-2010-2019-states-code.csv,us-population-2010-2019-states-code.csv,9882412,us-population-2010-2019-states-code.csv,us-population-2010-2019-states-code.csv,us-population-2010-2019-states-code.csv,us-population-2010-2019-states-code.csv,us-population-2010-2019-states-code.csv,us-population-2010-2019-states-code.csv,True
Minnesota,27,2011,True,us-population-2010-2019-states-code.csv,MN,us-population-2010-2019-states-code.csv,us-population-2010-2019-states-code.csv,us-population-2010-2019-states-code.csv,5346143,us-population-2010-2019-states-code.csv,us-population-2010-2019-states-code.csv,us-population-2010-2019-states-code.csv,us-population-2010-2019-states-code.csv,us-population-2010-2019-states-code.csv,us-population-2010-2019-states-code.csv,True
Mississippi,28,2011,True,us-population-2010-2019-states-code.csv,MS,us-population-2010-2019-states-code.csv,us-population-2010-2019-states-code.csv,us-population-2010-2019-states-code.csv,2978731,us-population-2010-2019-states-code.csv,us-population-2010-2019-states-code.csv,us-population-2010-2019-states-code.csv,us-population-2010-2019-states-code.csv,us-population-2010-2019-states-code.csv,us-population-2010-2019-states-code.csv,True
Missouri,29,2011,True,us-population-2010-2019-states-code.csv,MO,us-population-2010-2019-states-code.csv,us-population-2010-2019-states-code.csv,us-population-2010-2019-states-code.csv,6010275,us-population-2010-2019-states-code.csv,us-population-2010-2019-states-code.csv,us-population-2010-2019-states-code.csv,us-population-2010-2019-states-code.csv,us-population-2010-2019-states-code.csv,us-population-2010-2019-states-code.csv,True
Montana,30,2011,True,us-population-2010-2019-states-code.csv,MT,us-population-2010-2019-states-code.csv,us-population-2010-2019-states-code.csv,us-population-2010-2019-states-code.csv,997316,us-population-2010-2019-states-code.csv,us-population-2010-2019-states-code.csv,us-population-2010-2019-states-code.csv,us-population-2010-2019-states-code.csv,us-population-2010-2019-states-code.csv,us-population-2010-2019-states-code.csv,True
Nebraska,31,2011,True,us-population-2010-2019-states-code.csv,NE,us-population-2010-2019-states-code.csv,us-population-2010-2019-states-code.csv,us-population-2010-2019-states-code.csv,1840672,us-population-2010-2019-states-code.csv,us-population-2010-2019-states-code.csv,us-population-2010-2019-states-code.csv,us-population-2010-2019-states-code.csv,us-population-2010-2019-states-code.csv,us-population-2010-2019-states-code.csv,True
Nevada,32,2011,True,us-population-2010-2019-states-code.csv,NV,us-population-2010-2019-states-code.csv,us-population-2010-2019-states-code.csv,us-population-2010-2019-states-code.csv,2712730,us-population-2010-2019-states-code.csv,us-population-2010-2019-states-code.csv,us-population-2010-2019-states-code.csv,us-population-2010-2019-states-code.csv,us-population-2010-2019-states-code.csv,us-population-2010-2019-states-code.csv,True
New Hampshire,33,2011,True,us-population-2010-2019-states-code.csv,NH,us-population-2010-2019-states-code.csv,us-population-2010-2019-states-code.csv,us-population-2010-2019-states-code.csv,1320202,us-population-2010-2019-states-code.csv,us-population-2010-2019-states-code.csv,us-population-2010-2019-states-code.csv,us-population-2010-2019-states-code.csv,us-population-2010-2019-states-code.csv,us-population-2010-2019-states-code.csv,True
New Jersey,34,2011,True,us-population-2010-2019-states-code.csv,NJ,us-population-2010-2019-states-code.csv,us-population-2010-2019-states-code.csv,us-population-2010-2019-states-code.csv,8828117,us-population-2010-2019-states-code.csv,us-population-2010-2019-states-code.csv,us-population-2010-2019-states-code.csv,us-population-2010-2019-states-code.csv,us-population-2010-2019-states-code.csv,us-population-2010-2019-states-code.csv,True
New Mexico,35,2011,True,us-population-2010-2019-states-code.csv,NM,us-population-2010-2019-states-code.csv,us-population-2010-2019-states-code.csv,us-population-2010-2019-states-code.csv,2080450,us-population-2010-2019-states-code.csv,us-population-2010-2019-states-code.csv,us-population-2010-2019-states-code.csv,us-population-2010-2019-states-code.csv,us-population-2010-2019-states-code.csv,us-population-2010-2019-states-code.csv,True
New York,36,2011,True,us-population-2010-2019-states-code.csv,NY,us-population-2010-2019-states-code.csv,us-population-2010-2019-states-code.csv,us-population-2010-2019-states-code.csv,19499241,us-population-2010-2019-states-code.csv,us-population-2010-2019-states-code.csv,us-population-2010-2019-states-code.csv,us-population-2010-2019-states-code.csv,us-population-2010-2019-states-code.csv,us-population-2010-2019-states-code.csv,True
North Carolina,37,2011,True,us-population-2010-2019-states-code.csv,NC,us-population-2010-2019-states-code.csv,us-population-2010-2019-states-code.csv,us-population-2010-2019-states-code.csv,9657592,us-population-2010-2019-states-code.csv,us-population-2010-2019-states-code.csv,us-population-2010-2019-states-code.csv,us-population-2010-2019-states-code.csv,us-population-2010-2019-states-code.csv,us-population-2010-2019-states-code.csv,True
North Dakota,38,2011,True,us-population-2010-2019-states-code.csv,ND,us-population-2010-2019-states-code.csv,us-population-2010-2019-states-code.csv,us-population-2010-2019-states-code.csv,685225,us-population-2010-2019-states-code.csv,us-population-2010-2019-states-code.csv,us-population-2010-2019-states-code.csv,us-population-2010-2019-states-code.csv,us-population-2010-2019-states-code.csv,us-population-2010-2019-states-code.csv,True
Ohio,39,2011,True,us-population-2010-2019-states-code.csv,OH,us-population-2010-2019-states-code.csv,us-population-2010-2019-states-code.csv,us-population-2010-2019-states-code.csv,11544663,us-population-2010-2019-states-code.csv,us-population-2010-2019-states-code.csv,us-population-2010-2019-states-code.csv,us-population-2010-2019-states-code.csv,us-population-2010-2019-states-code.csv,us-population-2010-2019-states-code.csv,True
Oklahoma,40,2011,True,us-population-2010-2019-states-code.csv,OK,us-population-2010-2019-states-code.csv,us-population-2010-2019-states-code.csv,us-population-2010-2019-states-code.csv,3788379,us-population-2010-2019-states-code.csv,us-population-2010-2019-states-code.csv,us-population-2010-2019-states-code.csv,us-population-2010-2019-states-code.csv,us-population-2010-2019-states-code.csv,us-population-2010-2019-states-code.csv,True
Oregon,41,2011,True,us-population-2010-2019-states-code.csv,OR,us-population-2010-2019-states-code.csv,us-population-2010-2019-states-code.csv,us-population-2010-2019-states-code.csv,3872036,us-population-2010-2019-states-code.csv,us-population-2010-2019-states-code.csv,us-population-2010-2019-states-code.csv,us-population-2010-2019-states-code.csv,us-population-2010-2019-states-code.csv,us-population-2010-2019-states-code.csv,True
Pennsylvania,42,2011,True,us-population-2010-2019-states-code.csv,PA,us-population-2010-2019-states-code.csv,us-population-2010-2019-states-code.csv,us-population-2010-2019-states-code.csv,12745815,us-population-2010-2019-states-code.csv,us-population-2010-2019-states-code.csv,us-population-2010-2019-states-code.csv,us-population-2010-2019-states-code.csv,us-population-2010-2019-states-code.csv,us-population-2010-2019-states-code.csv,True
Puerto Rico,72,2011,True,us-population-2010-2019-states-code.csv,PR,us-population-2010-2019-states-code.csv,us-population-2010-2019-states-code.csv,us-population-2010-2019-states-code.csv,3678732,us-population-2010-2019-states-code.csv,us-population-2010-2019-states-code.csv,us-population-2010-2019-states-code.csv,us-population-2010-2019-states-code.csv,us-population-2010-2019-states-code.csv,us-population-2010-2019-states-code.csv,True
Rhode Island,44,2011,True,us-population-2010-2019-states-code.csv,RI,us-population-2010-2019-states-code.csv,us-population-2010-2019-states-code.csv,us-population-2010-2019-states-code.csv,1053649,us-population-2010-2019-states-code.csv,us-population-2010-2019-states-code.csv,us-population-2010-2019-states-code.csv,us-population-2010-2019-states-code.csv,us-population-2010-2019-states-code.csv,us-population-2010-2019-states-code.csv,True
South Carolina,45,2011,True,us-population-2010-2019-states-code.csv,SC,us-population-2010-2019-states-code.csv,us-population-2010-2019-states-code.csv,us-population-2010-2019-states-code.csv,4671994,us-population-2010-2019-states-code.csv,us-population-2010-2019-states-code.csv,us-population-2010-2019-states-code.csv,us-population-2010-2019-states-code.csv,us-population-2010-2019-states-code.csv,us-population-2010-2019-states-code.csv,True
South Dakota,46,2011,True,us-population-2010-2019-states-code.csv,SD,us-population-2010-2019-states-code.csv,us-population-2010-2019-states-code.csv,us-population-2010-2019-states-code.csv,823579,us-population-2010-2019-states-code.csv,us-population-2010-2019-states-code.csv,us-population-2010-2019-states-code.csv,us-population-2010-2019-states-code.csv,us-population-2010-2019-states-code.csv,us-population-2010-2019-states-code.csv,True
Tennessee,47,2011,True,us-population-2010-2019-states-code.csv,TN,us-population-2010-2019-states-code.csv,us-population-2010-2019-states-code.csv,us-population-2010-2019-states-code.csv,6399291,us-population-2010-2019-states-code.csv,us-population-2010-2019-states-code.csv,us-population-2010-2019-states-code.csv,us-population-2010-2019-states-code.csv,us-population-2010-2019-states-code.csv,us-population-2010-2019-states-code.csv,True
Texas,48,2011,True,us-population-2010-2019-states-code.csv,TX,us-population-2010-2019-states-code.csv,us-population-2010-2019-states-code.csv,us-population-2010-2019-states-code.csv,25645629,us-population-2010-2019-states-code.csv,us-population-2010-2019-states-code.csv,us-population-2010-2019-states-code.csv,us-population-2010-2019-states-code.csv,us-population-2010-2019-states-code.csv,us-population-2010-2019-states-code.csv,True
Utah,49,2011,True,us-population-2010-2019-states-code.csv,UT,us-population-2010-2019-states-code.csv,us-population-2010-2019-states-code.csv,us-population-2010-2019-states-code.csv,2814384,us-population-2010-2019-states-code.csv,us-population-2010-2019-states-code.csv,us-population-2010-2019-states-code.csv,us-population-2010-2019-states-code.csv,us-population-2010-2019-states-code.csv,us-population-2010-2019-states-code.csv,True
Vermont,50,2011,True,us-population-2010-2019-states-code.csv,VT,us-population-2010-2019-states-code.csv,us-population-2010-2019-states-code.csv,us-population-2010-2019-states-code.csv,627049,us-population-2010-2019-states-code.csv,us-population-2010-2019-states-code.csv,us-population-2010-2019-states-code.csv,us-population-2010-2019-states-code.csv,us-population-2010-2019-states-code.csv,us-population-2010-2019-states-code.csv,True
Virginia,51,2011,True,us-population-2010-2019-states-code.csv,VA,us-population-2010-2019-states-code.csv,us-population-2010-2019-states-code.csv,us-population-2010-2019-states-code.csv,8101155,us-population-2010-2019-states-code.csv,us-population-2010-2019-states-code.csv,us-population-2010-2019-states-code.csv,us-population-2010-2019-states-code.csv,us-population-2010-2019-states-code.csv,us-population-2010-2019-states-code.csv,True
Washington,53,2011,True,us-population-2010-2019-states-code.csv,WA,us-population-2010-2019-states-code.csv,us-population-2010-2019-states-code.csv,us-population-2010-2019-states-code.csv,6826627,us-population-2010-2019-states-code.csv,us-population-2010-2019-states-code.csv,us-population-2010-2019-states-code.csv,us-population-2010-2019-states-code.csv,us-population-2010-2019-states-code.csv,us-population-2010-2019-states-code.csv,True
West Virginia,54,2011,True,us-population-2010-2019-states-code.csv,WV,us-population-2010-2019-states-code.csv,us-population-2010-2019-states-code.csv,us-population-2010-2019-states-code.csv,1856301,us-population-2010-2019-states-code.csv,us-population-2010-2019-states-code.csv,us-population-2010-2019-states-code.csv,us-population-2010-2019-states-code.csv,us-population-2010-2019-states-code.csv,us-population-2010-2019-states-code.csv,True
Wisconsin,55,2011,True,us-population-2010-2019-states-code.csv,WI,us-population-2010-2019-states-code.csv,us-population-2010-2019-states-code.csv,us-population-2010-2019-states-code.csv,5705288,us-population-2010-2019-states-code.csv,us-population-2010-2019-states-code.csv,us-population-2010-2019-states-code.csv,us-population-2010-2019-states-code.csv,us-population-2010-2019-states-code.csv,us-population-2010-2019-states-code.csv,True
Wyoming,56,2011,True,us-population-2010-2019-states-code.csv,WY,us-population-2010-2019-states-code.csv,us-population-2010-2019-states-code.csv,us-population-2010-2019-states-code.csv,567299,us-population-2010-2019-states-code.csv,us-population-2010-2019-states-code.csv,us-population-2010-2019-states-code.csv,us-population-2010-2019-states-code.csv,us-population-2010-2019-states-code.csv,us-population-2010-2019-states-code.csv,True
Alabama,1,2012,True,us-population-2010-2019-states-code.csv,AL,us-population-2010-2019-states-code.csv,us-population-2010-2019-states-code.csv,us-population-2010-2019-states-code.csv,4815588,us-population-2010-2019-states-code.csv,us-population-2010-2019-states-code.csv,us-population-2010-2019-states-code.csv,us-population-2010-2019-states-code.csv,us-population-2010-2019-states-code.csv,us-population-2010-2019-states-code.csv,True
Alaska,2,2012,True,us-population-2010-2019-states-code.csv,AK,us-population-2010-2019-states-code.csv,us-population-2010-2019-states-code.csv,us-population-2010-2019-states-code.csv,730443,us-population-2010-2019-states-code.csv,us-population-2010-2019-states-code.csv,us-population-2010-2019-states-code.csv,us-population-2010-2019-states-code.csv,us-population-2010-2019-states-code.csv,us-population-2010-2019-states-code.csv,True
Arizona,4,2012,True,us-population-2010-2019-states-code.csv,AZ,us-population-2010-2019-states-code.csv,us-population-2010-2019-states-code.csv,us-population-2010-2019-states-code.csv,6554978,us-population-2010-2019-states-code.csv,us-population-2010-2019-states-code.csv,us-population-2010-2019-states-code.csv,us-population-2010-2019-states-code.csv,us-population-2010-2019-states-code.csv,us-population-2010-2019-states-code.csv,True
Arkansas,5,2012,True,us-population-2010-2019-states-code.csv,AR,us-population-2010-2019-states-code.csv,us-population-2010-2019-states-code.csv,us-population-2010-2019-states-code.csv,2952164,us-population-2010-2019-states-code.csv,us-population-2010-2019-states-code.csv,us-population-2010-2019-states-code.csv,us-population-2010-2019-states-code.csv,us-population-2010-2019-states-code.csv,us-population-2010-2019-states-code.csv,True
California,6,2012,True,us-population-2010-2019-states-code.csv,CA,us-population-2010-2019-states-code.csv,us-population-2010-2019-states-code.csv,us-population-2010-2019-states-code.csv,37948800,us-population-2010-2019-states-code.csv,us-population-2010-2019-states-code.csv,us-population-2010-2019-states-code.csv,us-population-2010-2019-states-code.csv,us-population-2010-2019-states-code.csv,us-population-2010-2019-states-code.csv,True
Colorado,8,2012,True,us-population-2010-2019-states-code.csv,CO,us-population-2010-2019-states-code.csv,us-population-2010-2019-states-code.csv,us-population-2010-2019-states-code.csv,5192647,us-population-2010-2019-states-code.csv,us-population-2010-2019-states-code.csv,us-population-2010-2019-states-code.csv,us-population-2010-2019-states-code.csv,us-population-2010-2019-states-code.csv,us-population-2010-2019-states-code.csv,True
Connecticut,9,2012,True,us-population-2010-2019-states-code.csv,CT,us-population-2010-2019-states-code.csv,us-population-2010-2019-states-code.csv,us-population-2010-2019-states-code.csv,3594547,us-population-2010-2019-states-code.csv,us-population-2010-2019-states-code.csv,us-population-2010-2019-states-code.csv,us-population-2010-2019-states-code.csv,us-population-2010-2019-states-code.csv,us-population-2010-2019-states-code.csv,True
Delaware,10,2012,True,us-population-2010-2019-states-code.csv,DE,us-population-2010-2019-states-code.csv,us-population-2010-2019-states-code.csv,us-population-2010-2019-states-code.csv,915179,us-population-2010-2019-states-code.csv,us-population-2010-2019-states-code.csv,us-population-2010-2019-states-code.csv,us-population-2010-2019-states-code.csv,us-population-2010-2019-states-code.csv,us-population-2010-2019-states-code.csv,True
District of Columbia,11,2012,True,us-population-2010-2019-states-code.csv,DC,us-population-2010-2019-states-code.csv,us-population-2010-2019-states-code.csv,us-population-2010-2019-states-code.csv,634924,us-population-2010-2019-states-code.csv,us-population-2010-2019-states-code.csv,us-population-2010-2019-states-code.csv,us-population-2010-2019-states-code.csv,us-population-2010-2019-states-code.csv,us-population-2010-2019-states-code.csv,True
Florida,12,2012,True,us-population-2010-2019-states-code.csv,FL,us-population-2010-2019-states-code.csv,us-population-2010-2019-states-code.csv,us-population-2010-2019-states-code.csv,19297822,us-population-2010-2019-states-code.csv,us-population-2010-2019-states-code.csv,us-population-2010-2019-states-code.csv,us-population-2010-2019-states-code.csv,us-population-2010-2019-states-code.csv,us-population-2010-2019-states-code.csv,True
Georgia,13,2012,True,us-population-2010-2019-states-code.csv,GA,us-population-2010-2019-states-code.csv,us-population-2010-2019-states-code.csv,us-population-2010-2019-states-code.csv,9901430,us-population-2010-2019-states-code.csv,us-population-2010-2019-states-code.csv,us-population-2010-2019-states-code.csv,us-population-2010-2019-states-code.csv,us-population-2010-2019-states-code.csv,us-population-2010-2019-states-code.csv,True
Hawaii,15,2012,True,us-population-2010-2019-states-code.csv,HI,us-population-2010-2019-states-code.csv,us-population-2010-2019-states-code.csv,us-population-2010-2019-states-code.csv,1394804,us-population-2010-2019-states-code.csv,us-population-2010-2019-states-code.csv,us-population-2010-2019-states-code.csv,us-population-2010-2019-states-code.csv,us-population-2010-2019-states-code.csv,us-population-2010-2019-states-code.csv,True
Idaho,16,2012,True,us-population-2010-2019-states-code.csv,ID,us-population-2010-2019-states-code.csv,us-population-2010-2019-states-code.csv,us-population-2010-2019-states-code.csv,1595324,us-population-2010-2019-states-code.csv,us-population-2010-2019-states-code.csv,us-population-2010-2019-states-code.csv,us-population-2010-2019-states-code.csv,us-population-2010-2019-states-code.csv,us-population-2010-2019-states-code.csv,True
Illinois,17,2012,True,us-population-2010-2019-states-code.csv,IL,us-population-2010-2019-states-code.csv,us-population-2010-2019-states-code.csv,us-population-2010-2019-states-code.csv,12882510,us-population-2010-2019-states-code.csv,us-population-2010-2019-states-code.csv,us-population-2010-2019-states-code.csv,us-population-2010-2019-states-code.csv,us-population-2010-2019-states-code.csv,us-population-2010-2019-states-code.csv,True
Indiana,18,2012,True,us-population-2010-2019-states-code.csv,IN,us-population-2010-2019-states-code.csv,us-population-2010-2019-states-code.csv,us-population-2010-2019-states-code.csv,6537703,us-population-2010-2019-states-code.csv,us-population-2010-2019-states-code.csv,us-population-2010-2019-states-code.csv,us-population-2010-2019-states-code.csv,us-population-2010-2019-states-code.csv,us-population-2010-2019-states-code.csv,True
Iowa,19,2012,True,us-population-2010-2019-states-code.csv,IA,us-population-2010-2019-states-code.csv,us-population-2010-2019-states-code.csv,us-population-2010-2019-states-code.csv,3076190,us-population-2010-2019-states-code.csv,us-population-2010-2019-states-code.csv,us-population-2010-2019-states-code.csv,us-population-2010-2019-states-code.csv,us-population-2010-2019-states-code.csv,us-population-2010-2019-states-code.csv,True
Kansas,20,2012,True,us-population-2010-2019-states-code.csv,KS,us-population-2010-2019-states-code.csv,us-population-2010-2019-states-code.csv,us-population-2010-2019-states-code.csv,2885257,us-population-2010-2019-states-code.csv,us-population-2010-2019-states-code.csv,us-population-2010-2019-states-code.csv,us-population-2010-2019-states-code.csv,us-population-2010-2019-states-code.csv,us-population-2010-2019-states-code.csv,True
Kentucky,21,2012,True,us-population-2010-2019-states-code.csv,KY,us-population-2010-2019-states-code.csv,us-population-2010-2019-states-code.csv,us-population-2010-2019-states-code.csv,4386346,us-population-2010-2019-states-code.csv,us-population-2010-2019-states-code.csv,us-population-2010-2019-states-code.csv,us-population-2010-2019-states-code.csv,us-population-2010-2019-states-code.csv,us-population-2010-2019-states-code.csv,True
Louisiana,22,2012,True,us-population-2010-2019-states-code.csv,LA,us-population-2010-2019-states-code.csv,us-population-2010-2019-states-code.csv,us-population-2010-2019-states-code.csv,4600972,us-population-2010-2019-states-code.csv,us-population-2010-2019-states-code.csv,us-population-2010-2019-states-code.csv,us-population-2010-2019-states-code.csv,us-population-2010-2019-states-code.csv,us-population-2010-2019-states-code.csv,True
Maine,23,2012,True,us-population-2010-2019-states-code.csv,ME,us-population-2010-2019-states-code.csv,us-population-2010-2019-states-code.csv,us-population-2010-2019-states-code.csv,1327729,us-population-2010-2019-states-code.csv,us-population-2010-2019-states-code.csv,us-population-2010-2019-states-code.csv,us-population-2010-2019-states-code.csv,us-population-2010-2019-states-code.csv,us-population-2010-2019-states-code.csv,True
Maryland,24,2012,True,us-population-2010-2019-states-code.csv,MD,us-population-2010-2019-states-code.csv,us-population-2010-2019-states-code.csv,us-population-2010-2019-states-code.csv,5886992,us-population-2010-2019-states-code.csv,us-population-2010-2019-states-code.csv,us-population-2010-2019-states-code.csv,us-population-2010-2019-states-code.csv,us-population-2010-2019-states-code.csv,us-population-2010-2019-states-code.csv,True
Massachusetts,25,2012,True,us-population-2010-2019-states-code.csv,MA,us-population-2010-2019-states-code.csv,us-population-2010-2019-states-code.csv,us-population-2010-2019-states-code.csv,6663005,us-population-2010-2019-states-code.csv,us-population-2010-2019-states-code.csv,us-population-2010-2019-states-code.csv,us-population-2010-2019-states-code.csv,us-population-2010-2019-states-code.csv,us-population-2010-2019-states-code.csv,True
Michigan,26,2012,True,us-population-2010-2019-states-code.csv,MI,us-population-2010-2019-states-code.csv,us-population-2010-2019-states-code.csv,us-population-2010-2019-states-code.csv,9897145,us-population-2010-2019-states-code.csv,us-population-2010-2019-states-code.csv,us-population-2010-2019-states-code.csv,us-population-2010-2019-states-code.csv,us-population-2010-2019-states-code.csv,us-population-2010-2019-states-code.csv,True
Minnesota,27,2012,True,us-population-2010-2019-states-code.csv,MN,us-population-2010-2019-states-code.csv,us-population-2010-2019-states-code.csv,us-population-2010-2019-states-code.csv,5376643,us-population-2010-2019-states-code.csv,us-population-2010-2019-states-code.csv,us-population-2010-2019-states-code.csv,us-population-2010-2019-states-code.csv,us-population-2010-2019-states-code.csv,us-population-2010-2019-states-code.csv,True
Mississippi,28,2012,True,us-population-2010-2019-states-code.csv,MS,us-population-2010-2019-states-code.csv,us-population-2010-2019-states-code.csv,us-population-2010-2019-states-code.csv,2983816,us-population-2010-2019-states-code.csv,us-population-2010-2019-states-code.csv,us-population-2010-2019-states-code.csv,us-population-2010-2019-states-code.csv,us-population-2010-2019-states-code.csv,us-population-2010-2019-states-code.csv,True
Missouri,29,2012,True,us-population-2010-2019-states-code.csv,MO,us-population-2010-2019-states-code.csv,us-population-2010-2019-states-code.csv,us-population-2010-2019-states-code.csv,6024367,us-population-2010-2019-states-code.csv,us-population-2010-2019-states-code.csv,us-population-2010-2019-states-code.csv,us-population-2010-2019-states-code.csv,us-population-2010-2019-states-code.csv,us-population-2010-2019-states-code.csv,True
Montana,30,2012,True,us-population-2010-2019-states-code.csv,MT,us-population-2010-2019-states-code.csv,us-population-2010-2019-states-code.csv,us-population-2010-2019-states-code.csv,1003783,us-population-2010-2019-states-code.csv,us-population-2010-2019-states-code.csv,us-population-2010-2019-states-code.csv,us-population-2010-2019-states-code.csv,us-population-2010-2019-states-code.csv,us-population-2010-2019-states-code.csv,True
Nebraska,31,2012,True,us-population-2010-2019-states-code.csv,NE,us-population-2010-2019-states-code.csv,us-population-2010-2019-states-code.csv,us-population-2010-2019-states-code.csv,1853303,us-population-2010-2019-states-code.csv,us-population-2010-2019-states-code.csv,us-population-2010-2019-states-code.csv,us-population-2010-2019-states-code.csv,us-population-2010-2019-states-code.csv,us-population-2010-2019-states-code.csv,True
Nevada,32,2012,True,us-population-2010-2019-states-code.csv,NV,us-population-2010-2019-states-code.csv,us-population-2010-2019-states-code.csv,us-population-2010-2019-states-code.csv,2743996,us-population-2010-2019-states-code.csv,us-population-2010-2019-states-code.csv,us-population-2010-2019-states-code.csv,us-population-2010-2019-states-code.csv,us-population-2010-2019-states-code.csv,us-population-2010-2019-states-code.csv,True
New Hampshire,33,2012,True,us-population-2010-2019-states-code.csv,NH,us-population-2010-2019-states-code.csv,us-population-2010-2019-states-code.csv,us-population-2010-2019-states-code.csv,1324232,us-population-2010-2019-states-code.csv,us-population-2010-2019-states-code.csv,us-population-2010-2019-states-code.csv,us-population-2010-2019-states-code.csv,us-population-2010-2019-states-code.csv,us-population-2010-2019-states-code.csv,True
New Jersey,34,2012,True,us-population-2010-2019-states-code.csv,NJ,us-population-2010-2019-states-code.csv,us-population-2010-2019-states-code.csv,us-population-2010-2019-states-code.csv,8844942,us-population-2010-2019-states-code.csv,us-population-2010-2019-states-code.csv,us-population-2010-2019-states-code.csv,us-population-2010-2019-states-code.csv,us-population-2010-2019-states-code.csv,us-population-2010-2019-states-code.csv,True
New Mexico,35,2012,True,us-population-2010-2019-states-code.csv,NM,us-population-2010-2019-states-code.csv,us-population-2010-2019-states-code.csv,us-population-2010-2019-states-code.csv,2087309,us-population-2010-2019-states-code.csv,us-population-2010-2019-states-code.csv,us-population-2010-2019-states-code.csv,us-population-2010-2019-states-code.csv,us-population-2010-2019-states-code.csv,us-population-2010-2019-states-code.csv,True
New York,36,2012,True,us-population-2010-2019-states-code.csv,NY,us-population-2010-2019-states-code.csv,us-population-2010-2019-states-code.csv,us-population-2010-2019-states-code.csv,19572932,us-population-2010-2019-states-code.csv,us-population-2010-2019-states-code.csv,us-population-2010-2019-states-code.csv,us-population-2010-2019-states-code.csv,us-population-2010-2019-states-code.csv,us-population-2010-2019-states-code.csv,True
North Carolina,37,2012,True,us-population-2010-2019-states-code.csv,NC,us-population-2010-2019-states-code.csv,us-population-2010-2019-states-code.csv,us-population-2010-2019-states-code.csv,9749476,us-population-2010-2019-states-code.csv,us-population-2010-2019-states-code.csv,us-population-2010-2019-states-code.csv,us-population-2010-2019-states-code.csv,us-population-2010-2019-states-code.csv,us-population-2010-2019-states-code.csv,True
North Dakota,38,2012,True,us-population-2010-2019-states-code.csv,ND,us-population-2010-2019-states-code.csv,us-population-2010-2019-states-code.csv,us-population-2010-2019-states-code.csv,701176,us-population-2010-2019-states-code.csv,us-population-2010-2019-states-code.csv,us-population-2010-2019-states-code.csv,us-population-2010-2019-states-code.csv,us-population-2010-2019-states-code.csv,us-population-2010-2019-states-code.csv,True
Ohio,39,2012,True,us-population-2010-2019-states-code.csv,OH,us-population-2010-2019-states-code.csv,us-population-2010-2019-states-code.csv,us-population-2010-2019-states-code.csv,11548923,us-population-2010-2019-states-code.csv,us-population-2010-2019-states-code.csv,us-population-2010-2019-states-code.csv,us-population-2010-2019-states-code.csv,us-population-2010-2019-states-code.csv,us-population-2010-2019-states-code.csv,True
Oklahoma,40,2012,True,us-population-2010-2019-states-code.csv,OK,us-population-2010-2019-states-code.csv,us-population-2010-2019-states-code.csv,us-population-2010-2019-states-code.csv,3818814,us-population-2010-2019-states-code.csv,us-population-2010-2019-states-code.csv,us-population-2010-2019-states-code.csv,us-population-2010-2019-states-code.csv,us-population-2010-2019-states-code.csv,us-population-2010-2019-states-code.csv,True
Oregon,41,2012,True,us-population-2010-2019-states-code.csv,OR,us-population-2010-2019-states-code.csv,us-population-2010-2019-states-code.csv,us-population-2010-2019-states-code.csv,3899001,us-population-2010-2019-states-code.csv,us-population-2010-2019-states-code.csv,us-population-2010-2019-states-code.csv,us-population-2010-2019-states-code.csv,us-population-2010-2019-states-code.csv,us-population-2010-2019-states-code.csv,True
Pennsylvania,42,2012,True,us-population-2010-2019-states-code.csv,PA,us-population-2010-2019-states-code.csv,us-population-2010-2019-states-code.csv,us-population-2010-2019-states-code.csv,12767118,us-population-2010-2019-states-code.csv,us-population-2010-2019-states-code.csv,us-population-2010-2019-states-code.csv,us-population-2010-2019-states-code.csv,us-population-2010-2019-states-code.csv,us-population-2010-2019-states-code.csv,True
Puerto Rico,72,2012,True,us-population-2010-2019-states-code.csv,PR,us-population-2010-2019-states-code.csv,us-population-2010-2019-states-code.csv,us-population-2010-2019-states-code.csv,3634488,us-population-2010-2019-states-code.csv,us-population-2010-2019-states-code.csv,us-population-2010-2019-states-code.csv,us-population-2010-2019-states-code.csv,us-population-2010-2019-states-code.csv,us-population-2010-2019-states-code.csv,True
Rhode Island,44,2012,True,us-population-2010-2019-states-code.csv,RI,us-population-2010-2019-states-code.csv,us-population-2010-2019-states-code.csv,us-population-2010-2019-states-code.csv,1054621,us-population-2010-2019-states-code.csv,us-population-2010-2019-states-code.csv,us-population-2010-2019-states-code.csv,us-population-2010-2019-states-code.csv,us-population-2010-2019-states-code.csv,us-population-2010-2019-states-code.csv,True
South Carolina,45,2012,True,us-population-2010-2019-states-code.csv,SC,us-population-2010-2019-states-code.csv,us-population-2010-2019-states-code.csv,us-population-2010-2019-states-code.csv,4717354,us-population-2010-2019-states-code.csv,us-population-2010-2019-states-code.csv,us-population-2010-2019-states-code.csv,us-population-2010-2019-states-code.csv,us-population-2010-2019-states-code.csv,us-population-2010-2019-states-code.csv,True
South Dakota,46,2012,True,us-population-2010-2019-states-code.csv,SD,us-population-2010-2019-states-code.csv,us-population-2010-2019-states-code.csv,us-population-2010-2019-states-code.csv,833566,us-population-2010-2019-states-code.csv,us-population-2010-2019-states-code.csv,us-population-2010-2019-states-code.csv,us-population-2010-2019-states-code.csv,us-population-2010-2019-states-code.csv,us-population-2010-2019-states-code.csv,True
Tennessee,47,2012,True,us-population-2010-2019-states-code.csv,TN,us-population-2010-2019-states-code.csv,us-population-2010-2019-states-code.csv,us-population-2010-2019-states-code.csv,6453898,us-population-2010-2019-states-code.csv,us-population-2010-2019-states-code.csv,us-population-2010-2019-states-code.csv,us-population-2010-2019-states-code.csv,us-population-2010-2019-states-code.csv,us-population-2010-2019-states-code.csv,True
Texas,48,2012,True,us-population-2010-2019-states-code.csv,TX,us-population-2010-2019-states-code.csv,us-population-2010-2019-states-code.csv,us-population-2010-2019-states-code.csv,26084481,us-population-2010-2019-states-code.csv,us-population-2010-2019-states-code.csv,us-population-2010-2019-states-code.csv,us-population-2010-2019-states-code.csv,us-population-2010-2019-states-code.csv,us-population-2010-2019-states-code.csv,True
Utah,49,2012,True,us-population-2010-2019-states-code.csv,UT,us-population-2010-2019-states-code.csv,us-population-2010-2019-states-code.csv,us-population-2010-2019-states-code.csv,2853375,us-population-2010-2019-states-code.csv,us-population-2010-2019-states-code.csv,us-population-2010-2019-states-code.csv,us-population-2010-2019-states-code.csv,us-population-2010-2019-states-code.csv,us-population-2010-2019-states-code.csv,True
Vermont,50,2012,True,us-population-2010-2019-states-code.csv,VT,us-population-2010-2019-states-code.csv,us-population-2010-2019-states-code.csv,us-population-2010-2019-states-code.csv,626090,us-population-2010-2019-states-code.csv,us-population-2010-2019-states-code.csv,us-population-2010-2019-states-code.csv,us-population-2010-2019-states-code.csv,us-population-2010-2019-states-code.csv,us-population-2010-2019-states-code.csv,True
Virginia,51,2012,True,us-population-2010-2019-states-code.csv,VA,us-population-2010-2019-states-code.csv,us-population-2010-2019-states-code.csv,us-population-2010-2019-states-code.csv,8185080,us-population-2010-2019-states-code.csv,us-population-2010-2019-states-code.csv,us-population-2010-2019-states-code.csv,us-population-2010-2019-states-code.csv,us-population-2010-2019-states-code.csv,us-population-2010-2019-states-code.csv,True
Washington,53,2012,True,us-population-2010-2019-states-code.csv,WA,us-population-2010-2019-states-code.csv,us-population-2010-2019-states-code.csv,us-population-2010-2019-states-code.csv,6897058,us-population-2010-2019-states-code.csv,us-population-2010-2019-states-code.csv,us-population-2010-2019-states-code.csv,us-population-2010-2019-states-code.csv,us-population-2010-2019-states-code.csv,us-population-2010-2019-states-code.csv,True
West Virginia,54,2012,True,us-population-2010-2019-states-code.csv,WV,us-population-2010-2019-states-code.csv,us-population-2010-2019-states-code.csv,us-population-2010-2019-states-code.csv,1856872,us-population-2010-2019-states-code.csv,us-population-2010-2019-states-code.csv,us-population-2010-2019-states-code.csv,us-population-2010-2019-states-code.csv,us-population-2010-2019-states-code.csv,us-population-2010-2019-states-code.csv,True
Wisconsin,55,2012,True,us-population-2010-2019-states-code.csv,WI,us-population-2010-2019-states-code.csv,us-population-2010-2019-states-code.csv,us-population-2010-2019-states-code.csv,5719960,us-population-2010-2019-states-code.csv,us-population-2010-2019-states-code.csv,us-population-2010-2019-states-code.csv,us-population-2010-2019-states-code.csv,us-population-2010-2019-states-code.csv,us-population-2010-2019-states-code.csv,True
Wyoming,56,2012,True,us-population-2010-2019-states-code.csv,WY,us-population-2010-2019-states-code.csv,us-population-2010-2019-states-code.csv,us-population-2010-2019-states-code.csv,576305,us-population-2010-2019-states-code.csv,us-population-2010-2019-states-code.csv,us-population-2010-2019-states-code.csv,us-population-2010-2019-states-code.csv,us-population-2010-2019-states-code.csv,us-population-2010-2019-states-code.csv,True
Alabama,1,2013,True,us-population-2010-2019-states-code.csv,AL,us-population-2010-2019-states-code.csv,us-population-2010-2019-states-code.csv,us-population-2010-2019-states-code.csv,4830081,us-population-2010-2019-states-code.csv,us-population-2010-2019-states-code.csv,us-population-2010-2019-states-code.csv,us-population-2010-2019-states-code.csv,us-population-2010-2019-states-code.csv,us-population-2010-2019-states-code.csv,True
Alaska,2,2013,True,us-population-2010-2019-states-code.csv,AK,us-population-2010-2019-states-code.csv,us-population-2010-2019-states-code.csv,us-population-2010-2019-states-code.csv,737068,us-population-2010-2019-states-code.csv,us-population-2010-2019-states-code.csv,us-population-2010-2019-states-code.csv,us-population-2010-2019-states-code.csv,us-population-2010-2019-states-code.csv,us-population-2010-2019-states-code.csv,True
Arizona,4,2013,True,us-population-2010-2019-states-code.csv,AZ,us-population-2010-2019-states-code.csv,us-population-2010-2019-states-code.csv,us-population-2010-2019-states-code.csv,6632764,us-population-2010-2019-states-code.csv,us-population-2010-2019-states-code.csv,us-population-2010-2019-states-code.csv,us-population-2010-2019-states-code.csv,us-population-2010-2019-states-code.csv,us-population-2010-2019-states-code.csv,True
Arkansas,5,2013,True,us-population-2010-2019-states-code.csv,AR,us-population-2010-2019-states-code.csv,us-population-2010-2019-states-code.csv,us-population-2010-2019-states-code.csv,2959400,us-population-2010-2019-states-code.csv,us-population-2010-2019-states-code.csv,us-population-2010-2019-states-code.csv,us-population-2010-2019-states-code.csv,us-population-2010-2019-states-code.csv,us-population-2010-2019-states-code.csv,True
California,6,2013,True,us-population-2010-2019-states-code.csv,CA,us-population-2010-2019-states-code.csv,us-population-2010-2019-states-code.csv,us-population-2010-2019-states-code.csv,38260787,us-population-2010-2019-states-code.csv,us-population-2010-2019-states-code.csv,us-population-2010-2019-states-code.csv,us-population-2010-2019-states-code.csv,us-population-2010-2019-states-code.csv,us-population-2010-2019-states-code.csv,True
Colorado,8,2013,True,us-population-2010-2019-states-code.csv,CO,us-population-2010-2019-states-code.csv,us-population-2010-2019-states-code.csv,us-population-2010-2019-states-code.csv,5269035,us-population-2010-2019-states-code.csv,us-population-2010-2019-states-code.csv,us-population-2010-2019-states-code.csv,us-population-2010-2019-states-code.csv,us-population-2010-2019-states-code.csv,us-population-2010-2019-states-code.csv,True
Connecticut,9,2013,True,us-population-2010-2019-states-code.csv,CT,us-population-2010-2019-states-code.csv,us-population-2010-2019-states-code.csv,us-population-2010-2019-states-code.csv,3594841,us-population-2010-2019-states-code.csv,us-population-2010-2019-states-code.csv,us-population-2010-2019-states-code.csv,us-population-2010-2019-states-code.csv,us-population-2010-2019-states-code.csv,us-population-2010-2019-states-code.csv,True
Delaware,10,2013,True,us-population-2010-2019-states-code.csv,DE,us-population-2010-2019-states-code.csv,us-population-2010-2019-states-code.csv,us-population-2010-2019-states-code.csv,923576,us-population-2010-2019-states-code.csv,us-population-2010-2019-states-code.csv,us-population-2010-2019-states-code.csv,us-population-2010-2019-states-code.csv,us-population-2010-2019-states-code.csv,us-population-2010-2019-states-code.csv,True
District of Columbia,11,2013,True,us-population-2010-2019-states-code.csv,DC,us-population-2010-2019-states-code.csv,us-population-2010-2019-states-code.csv,us-population-2010-2019-states-code.csv,650581,us-population-2010-2019-states-code.csv,us-population-2010-2019-states-code.csv,us-population-2010-2019-states-code.csv,us-population-2010-2019-states-code.csv,us-population-2010-2019-states-code.csv,us-population-2010-2019-states-code.csv,True
Florida,12,2013,True,us-population-2010-2019-states-code.csv,FL,us-population-2010-2019-states-code.csv,us-population-2010-2019-states-code.csv,us-population-2010-2019-states-code.csv,19545621,us-population-2010-2019-states-code.csv,us-population-2010-2019-states-code.csv,us-population-2010-2019-states-code.csv,us-population-2010-2019-states-code.csv,us-population-2010-2019-states-code.csv,us-population-2010-2019-states-code.csv,True
Georgia,13,2013,True,us-population-2010-2019-states-code.csv,GA,us-population-2010-2019-states-code.csv,us-population-2010-2019-states-code.csv,us-population-2010-2019-states-code.csv,9972479,us-population-2010-2019-states-code.csv,us-population-2010-2019-states-code.csv,us-population-2010-2019-states-code.csv,us-population-2010-2019-states-code.csv,us-population-2010-2019-states-code.csv,us-population-2010-2019-states-code.csv,True
Hawaii,15,2013,True,us-population-2010-2019-states-code.csv,HI,us-population-2010-2019-states-code.csv,us-population-2010-2019-states-code.csv,us-population-2010-2019-states-code.csv,1408243,us-population-2010-2019-states-code.csv,us-population-2010-2019-states-code.csv,us-population-2010-2019-states-code.csv,us-population-2010-2019-states-code.csv,us-population-2010-2019-states-code.csv,us-population-2010-2019-states-code.csv,True
Idaho,16,2013,True,us-population-2010-2019-states-code.csv,ID,us-population-2010-2019-states-code.csv,us-population-2010-2019-states-code.csv,us-population-2010-2019-states-code.csv,1611206,us-population-2010-2019-states-code.csv,us-population-2010-2019-states-code.csv,us-population-2010-2019-states-code.csv,us-population-2010-2019-states-code.csv,us-population-2010-2019-states-code.csv,us-population-2010-2019-states-code.csv,True
Illinois,17,2013,True,us-population-2010-2019-states-code.csv,IL,us-population-2010-2019-states-code.csv,us-population-2010-2019-states-code.csv,us-population-2010-2019-states-code.csv,12895129,us-population-2010-2019-states-code.csv,us-population-2010-2019-states-code.csv,us-population-2010-2019-states-code.csv,us-population-2010-2019-states-code.csv,us-population-2010-2019-states-code.csv,us-population-2010-2019-states-code.csv,True
Indiana,18,2013,True,us-population-2010-2019-states-code.csv,IN,us-population-2010-2019-states-code.csv,us-population-2010-2019-states-code.csv,us-population-2010-2019-states-code.csv,6568713,us-population-2010-2019-states-code.csv,us-population-2010-2019-states-code.csv,us-population-2010-2019-states-code.csv,us-population-2010-2019-states-code.csv,us-population-2010-2019-states-code.csv,us-population-2010-2019-states-code.csv,True
Iowa,19,2013,True,us-population-2010-2019-states-code.csv,IA,us-population-2010-2019-states-code.csv,us-population-2010-2019-states-code.csv,us-population-2010-2019-states-code.csv,3092997,us-population-2010-2019-states-code.csv,us-population-2010-2019-states-code.csv,us-population-2010-2019-states-code.csv,us-population-2010-2019-states-code.csv,us-population-2010-2019-states-code.csv,us-population-2010-2019-states-code.csv,True
Kansas,20,2013,True,us-population-2010-2019-states-code.csv,KS,us-population-2010-2019-states-code.csv,us-population-2010-2019-states-code.csv,us-population-2010-2019-states-code.csv,2893212,us-population-2010-2019-states-code.csv,us-population-2010-2019-states-code.csv,us-population-2010-2019-states-code.csv,us-population-2010-2019-states-code.csv,us-population-2010-2019-states-code.csv,us-population-2010-2019-states-code.csv,True
Kentucky,21,2013,True,us-population-2010-2019-states-code.csv,KY,us-population-2010-2019-states-code.csv,us-population-2010-2019-states-code.csv,us-population-2010-2019-states-code.csv,4404659,us-population-2010-2019-states-code.csv,us-population-2010-2019-states-code.csv,us-population-2010-2019-states-code.csv,us-population-2010-2019-states-code.csv,us-population-2010-2019-states-code.csv,us-population-2010-2019-states-code.csv,True
Louisiana,22,2013,True,us-population-2010-2019-states-code.csv,LA,us-population-2010-2019-states-code.csv,us-population-2010-2019-states-code.csv,us-population-2010-2019-states-code.csv,4624527,us-population-2010-2019-states-code.csv,us-population-2010-2019-states-code.csv,us-population-2010-2019-states-code.csv,us-population-2010-2019-states-code.csv,us-population-2010-2019-states-code.csv,us-population-2010-2019-states-code.csv,True
Maine,23,2013,True,us-population-2010-2019-states-code.csv,ME,us-population-2010-2019-states-code.csv,us-population-2010-2019-states-code.csv,us-population-2010-2019-states-code.csv,1328009,us-population-2010-2019-states-code.csv,us-population-2010-2019-states-code.csv,us-population-2010-2019-states-code.csv,us-population-2010-2019-states-code.csv,us-population-2010-2019-states-code.csv,us-population-2010-2019-states-code.csv,True
Maryland,24,2013,True,us-population-2010-2019-states-code.csv,MD,us-population-2010-2019-states-code.csv,us-population-2010-2019-states-code.csv,us-population-2010-2019-states-code.csv,5923188,us-population-2010-2019-states-code.csv,us-population-2010-2019-states-code.csv,us-population-2010-2019-states-code.csv,us-population-2010-2019-states-code.csv,us-population-2010-2019-states-code.csv,us-population-2010-2019-states-code.csv,True
Massachusetts,25,2013,True,us-population-2010-2019-states-code.csv,MA,us-population-2010-2019-states-code.csv,us-population-2010-2019-states-code.csv,us-population-2010-2019-states-code.csv,6713315,us-population-2010-2019-states-code.csv,us-population-2010-2019-states-code.csv,us-population-2010-2019-states-code.csv,us-population-2010-2019-states-code.csv,us-population-2010-2019-states-code.csv,us-population-2010-2019-states-code.csv,True
Michigan,26,2013,True,us-population-2010-2019-states-code.csv,MI,us-population-2010-2019-states-code.csv,us-population-2010-2019-states-code.csv,us-population-2010-2019-states-code.csv,9913065,us-population-2010-2019-states-code.csv,us-population-2010-2019-states-code.csv,us-population-2010-2019-states-code.csv,us-population-2010-2019-states-code.csv,us-population-2010-2019-states-code.csv,us-population-2010-2019-states-code.csv,True
Minnesota,27,2013,True,us-population-2010-2019-states-code.csv,MN,us-population-2010-2019-states-code.csv,us-population-2010-2019-states-code.csv,us-population-2010-2019-states-code.csv,5413479,us-population-2010-2019-states-code.csv,us-population-2010-2019-states-code.csv,us-population-2010-2019-states-code.csv,us-population-2010-2019-states-code.csv,us-population-2010-2019-states-code.csv,us-population-2010-2019-states-code.csv,True
Mississippi,28,2013,True,us-population-2010-2019-states-code.csv,MS,us-population-2010-2019-states-code.csv,us-population-2010-2019-states-code.csv,us-population-2010-2019-states-code.csv,2988711,us-population-2010-2019-states-code.csv,us-population-2010-2019-states-code.csv,us-population-2010-2019-states-code.csv,us-population-2010-2019-states-code.csv,us-population-2010-2019-states-code.csv,us-population-2010-2019-states-code.csv,True
Missouri,29,2013,True,us-population-2010-2019-states-code.csv,MO,us-population-2010-2019-states-code.csv,us-population-2010-2019-states-code.csv,us-population-2010-2019-states-code.csv,6040715,us-population-2010-2019-states-code.csv,us-population-2010-2019-states-code.csv,us-population-2010-2019-states-code.csv,us-population-2010-2019-states-code.csv,us-population-2010-2019-states-code.csv,us-population-2010-2019-states-code.csv,True
Montana,30,2013,True,us-population-2010-2019-states-code.csv,MT,us-population-2010-2019-states-code.csv,us-population-2010-2019-states-code.csv,us-population-2010-2019-states-code.csv,1013569,us-population-2010-2019-states-code.csv,us-population-2010-2019-states-code.csv,us-population-2010-2019-states-code.csv,us-population-2010-2019-states-code.csv,us-population-2010-2019-states-code.csv,us-population-2010-2019-states-code.csv,True
Nebraska,31,2013,True,us-population-2010-2019-states-code.csv,NE,us-population-2010-2019-states-code.csv,us-population-2010-2019-states-code.csv,us-population-2010-2019-states-code.csv,1865279,us-population-2010-2019-states-code.csv,us-population-2010-2019-states-code.csv,us-population-2010-2019-states-code.csv,us-population-2010-2019-states-code.csv,us-population-2010-2019-states-code.csv,us-population-2010-2019-states-code.csv,True
Nevada,32,2013,True,us-population-2010-2019-states-code.csv,NV,us-population-2010-2019-states-code.csv,us-population-2010-2019-states-code.csv,us-population-2010-2019-states-code.csv,2775970,us-population-2010-2019-states-code.csv,us-population-2010-2019-states-code.csv,us-population-2010-2019-states-code.csv,us-population-2010-2019-states-code.csv,us-population-2010-2019-states-code.csv,us-population-2010-2019-states-code.csv,True
New Hampshire,33,2013,True,us-population-2010-2019-states-code.csv,NH,us-population-2010-2019-states-code.csv,us-population-2010-2019-states-code.csv,us-population-2010-2019-states-code.csv,1326622,us-population-2010-2019-states-code.csv,us-population-2010-2019-states-code.csv,us-population-2010-2019-states-code.csv,us-population-2010-2019-states-code.csv,us-population-2010-2019-states-code.csv,us-population-2010-2019-states-code.csv,True
New Jersey,34,2013,True,us-population-2010-2019-states-code.csv,NJ,us-population-2010-2019-states-code.csv,us-population-2010-2019-states-code.csv,us-population-2010-2019-states-code.csv,8856972,us-population-2010-2019-states-code.csv,us-population-2010-2019-states-code.csv,us-population-2010-2019-states-code.csv,us-population-2010-2019-states-code.csv,us-population-2010-2019-states-code.csv,us-population-2010-2019-states-code.csv,True
New Mexico,35,2013,True,us-population-2010-2019-states-code.csv,NM,us-population-2010-2019-states-code.csv,us-population-2010-2019-states-code.csv,us-population-2010-2019-states-code.csv,2092273,us-population-2010-2019-states-code.csv,us-population-2010-2019-states-code.csv,us-population-2010-2019-states-code.csv,us-population-2010-2019-states-code.csv,us-population-2010-2019-states-code.csv,us-population-2010-2019-states-code.csv,True
New York,36,2013,True,us-population-2010-2019-states-code.csv,NY,us-population-2010-2019-states-code.csv,us-population-2010-2019-states-code.csv,us-population-2010-2019-states-code.csv,19624447,us-population-2010-2019-states-code.csv,us-population-2010-2019-states-code.csv,us-population-2010-2019-states-code.csv,us-population-2010-2019-states-code.csv,us-population-2010-2019-states-code.csv,us-population-2010-2019-states-code.csv,True
North Carolina,37,2013,True,us-population-2010-2019-states-code.csv,NC,us-population-2010-2019-states-code.csv,us-population-2010-2019-states-code.csv,us-population-2010-2019-states-code.csv,9843336,us-population-2010-2019-states-code.csv,us-population-2010-2019-states-code.csv,us-population-2010-2019-states-code.csv,us-population-2010-2019-states-code.csv,us-population-2010-2019-states-code.csv,us-population-2010-2019-states-code.csv,True
North Dakota,38,2013,True,us-population-2010-2019-states-code.csv,ND,us-population-2010-2019-states-code.csv,us-population-2010-2019-states-code.csv,us-population-2010-2019-states-code.csv,722036,us-population-2010-2019-states-code.csv,us-population-2010-2019-states-code.csv,us-population-2010-2019-states-code.csv,us-population-2010-2019-states-code.csv,us-population-2010-2019-states-code.csv,us-population-2010-2019-states-code.csv,True
Ohio,39,2013,True,us-population-2010-2019-states-code.csv,OH,us-population-2010-2019-states-code.csv,us-population-2010-2019-states-code.csv,us-population-2010-2019-states-code.csv,11576684,us-population-2010-2019-states-code.csv,us-population-2010-2019-states-code.csv,us-population-2010-2019-states-code.csv,us-population-2010-2019-states-code.csv,us-population-2010-2019-states-code.csv,us-population-2010-2019-states-code.csv,True
Oklahoma,40,2013,True,us-population-2010-2019-states-code.csv,OK,us-population-2010-2019-states-code.csv,us-population-2010-2019-states-code.csv,us-population-2010-2019-states-code.csv,3853214,us-population-2010-2019-states-code.csv,us-population-2010-2019-states-code.csv,us-population-2010-2019-states-code.csv,us-population-2010-2019-states-code.csv,us-population-2010-2019-states-code.csv,us-population-2010-2019-states-code.csv,True
Oregon,41,2013,True,us-population-2010-2019-states-code.csv,OR,us-population-2010-2019-states-code.csv,us-population-2010-2019-states-code.csv,us-population-2010-2019-states-code.csv,3922468,us-population-2010-2019-states-code.csv,us-population-2010-2019-states-code.csv,us-population-2010-2019-states-code.csv,us-population-2010-2019-states-code.csv,us-population-2010-2019-states-code.csv,us-population-2010-2019-states-code.csv,True
Pennsylvania,42,2013,True,us-population-2010-2019-states-code.csv,PA,us-population-2010-2019-states-code.csv,us-population-2010-2019-states-code.csv,us-population-2010-2019-states-code.csv,12776309,us-population-2010-2019-states-code.csv,us-population-2010-2019-states-code.csv,us-population-2010-2019-states-code.csv,us-population-2010-2019-states-code.csv,us-population-2010-2019-states-code.csv,us-population-2010-2019-states-code.csv,True
Puerto Rico,72,2013,True,us-population-2010-2019-states-code.csv,PR,us-population-2010-2019-states-code.csv,us-population-2010-2019-states-code.csv,us-population-2010-2019-states-code.csv,3593077,us-population-2010-2019-states-code.csv,us-population-2010-2019-states-code.csv,us-population-2010-2019-states-code.csv,us-population-2010-2019-states-code.csv,us-population-2010-2019-states-code.csv,us-population-2010-2019-states-code.csv,True
Rhode Island,44,2013,True,us-population-2010-2019-states-code.csv,RI,us-population-2010-2019-states-code.csv,us-population-2010-2019-states-code.csv,us-population-2010-2019-states-code.csv,1055081,us-population-2010-2019-states-code.csv,us-population-2010-2019-states-code.csv,us-population-2010-2019-states-code.csv,us-population-2010-2019-states-code.csv,us-population-2010-2019-states-code.csv,us-population-2010-2019-states-code.csv,True
South Carolina,45,2013,True,us-population-2010-2019-states-code.csv,SC,us-population-2010-2019-states-code.csv,us-population-2010-2019-states-code.csv,us-population-2010-2019-states-code.csv,4764080,us-population-2010-2019-states-code.csv,us-population-2010-2019-states-code.csv,us-population-2010-2019-states-code.csv,us-population-2010-2019-states-code.csv,us-population-2010-2019-states-code.csv,us-population-2010-2019-states-code.csv,True
South Dakota,46,2013,True,us-population-2010-2019-states-code.csv,SD,us-population-2010-2019-states-code.csv,us-population-2010-2019-states-code.csv,us-population-2010-2019-states-code.csv,842316,us-population-2010-2019-states-code.csv,us-population-2010-2019-states-code.csv,us-population-2010-2019-states-code.csv,us-population-2010-2019-states-code.csv,us-population-2010-2019-states-code.csv,us-population-2010-2019-states-code.csv,True
Tennessee,47,2013,True,us-population-2010-2019-states-code.csv,TN,us-population-2010-2019-states-code.csv,us-population-2010-2019-states-code.csv,us-population-2010-2019-states-code.csv,6494340,us-population-2010-2019-states-code.csv,us-population-2010-2019-states-code.csv,us-population-2010-2019-states-code.csv,us-population-2010-2019-states-code.csv,us-population-2010-2019-states-code.csv,us-population-2010-2019-states-code.csv,True
Texas,48,2013,True,us-population-2010-2019-states-code.csv,TX,us-population-2010-2019-states-code.csv,us-population-2010-2019-states-code.csv,us-population-2010-2019-states-code.csv,26480266,us-population-2010-2019-states-code.csv,us-population-2010-2019-states-code.csv,us-population-2010-2019-states-code.csv,us-population-2010-2019-states-code.csv,us-population-2010-2019-states-code.csv,us-population-2010-2019-states-code.csv,True
Utah,49,2013,True,us-population-2010-2019-states-code.csv,UT,us-population-2010-2019-states-code.csv,us-population-2010-2019-states-code.csv,us-population-2010-2019-states-code.csv,2897640,us-population-2010-2019-states-code.csv,us-population-2010-2019-states-code.csv,us-population-2010-2019-states-code.csv,us-population-2010-2019-states-code.csv,us-population-2010-2019-states-code.csv,us-population-2010-2019-states-code.csv,True
Vermont,50,2013,True,us-population-2010-2019-states-code.csv,VT,us-population-2010-2019-states-code.csv,us-population-2010-2019-states-code.csv,us-population-2010-2019-states-code.csv,626210,us-population-2010-2019-states-code.csv,us-population-2010-2019-states-code.csv,us-population-2010-2019-states-code.csv,us-population-2010-2019-states-code.csv,us-population-2010-2019-states-code.csv,us-population-2010-2019-states-code.csv,True
Virginia,51,2013,True,us-population-2010-2019-states-code.csv,VA,us-population-2010-2019-states-code.csv,us-population-2010-2019-states-code.csv,us-population-2010-2019-states-code.csv,8252427,us-population-2010-2019-states-code.csv,us-population-2010-2019-states-code.csv,us-population-2010-2019-states-code.csv,us-population-2010-2019-states-code.csv,us-population-2010-2019-states-code.csv,us-population-2010-2019-states-code.csv,True
Washington,53,2013,True,us-population-2010-2019-states-code.csv,WA,us-population-2010-2019-states-code.csv,us-population-2010-2019-states-code.csv,us-population-2010-2019-states-code.csv,6963985,us-population-2010-2019-states-code.csv,us-population-2010-2019-states-code.csv,us-population-2010-2019-states-code.csv,us-population-2010-2019-states-code.csv,us-population-2010-2019-states-code.csv,us-population-2010-2019-states-code.csv,True
West Virginia,54,2013,True,us-population-2010-2019-states-code.csv,WV,us-population-2010-2019-states-code.csv,us-population-2010-2019-states-code.csv,us-population-2010-2019-states-code.csv,1853914,us-population-2010-2019-states-code.csv,us-population-2010-2019-states-code.csv,us-population-2010-2019-states-code.csv,us-population-2010-2019-states-code.csv,us-population-2010-2019-states-code.csv,us-population-2010-2019-states-code.csv,True
Wisconsin,55,2013,True,us-population-2010-2019-states-code.csv,WI,us-population-2010-2019-states-code.csv,us-population-2010-2019-states-code.csv,us-population-2010-2019-states-code.csv,5736754,us-population-2010-2019-states-code.csv,us-population-2010-2019-states-code.csv,us-population-2010-2019-states-code.csv,us-population-2010-2019-states-code.csv,us-population-2010-2019-states-code.csv,us-population-2010-2019-states-code.csv,True
Wyoming,56,2013,True,us-population-2010-2019-states-code.csv,WY,us-population-2010-2019-states-code.csv,us-population-2010-2019-states-code.csv,us-population-2010-2019-states-code.csv,582122,us-population-2010-2019-states-code.csv,us-population-2010-2019-states-code.csv,us-population-2010-2019-states-code.csv,us-population-2010-2019-states-code.csv,us-population-2010-2019-states-code.csv,us-population-2010-2019-states-code.csv,True
Alabama,1,2014,True,us-population-2010-2019-states-code.csv,AL,us-population-2010-2019-states-code.csv,us-population-2010-2019-states-code.csv,us-population-2010-2019-states-code.csv,4841799,us-population-2010-2019-states-code.csv,us-population-2010-2019-states-code.csv,us-population-2010-2019-states-code.csv,us-population-2010-2019-states-code.csv,us-population-2010-2019-states-code.csv,us-population-2010-2019-states-code.csv,True
Alaska,2,2014,True,us-population-2010-2019-states-code.csv,AK,us-population-2010-2019-states-code.csv,us-population-2010-2019-states-code.csv,us-population-2010-2019-states-code.csv,736283,us-population-2010-2019-states-code.csv,us-population-2010-2019-states-code.csv,us-population-2010-2019-states-code.csv,us-population-2010-2019-states-code.csv,us-population-2010-2019-states-code.csv,us-population-2010-2019-states-code.csv,True
Arizona,4,2014,True,us-population-2010-2019-states-code.csv,AZ,us-population-2010-2019-states-code.csv,us-population-2010-2019-states-code.csv,us-population-2010-2019-states-code.csv,6730413,us-population-2010-2019-states-code.csv,us-population-2010-2019-states-code.csv,us-population-2010-2019-states-code.csv,us-population-2010-2019-states-code.csv,us-population-2010-2019-states-code.csv,us-population-2010-2019-states-code.csv,True
Arkansas,5,2014,True,us-population-2010-2019-states-code.csv,AR,us-population-2010-2019-states-code.csv,us-population-2010-2019-states-code.csv,us-population-2010-2019-states-code.csv,2967392,us-population-2010-2019-states-code.csv,us-population-2010-2019-states-code.csv,us-population-2010-2019-states-code.csv,us-population-2010-2019-states-code.csv,us-population-2010-2019-states-code.csv,us-population-2010-2019-states-code.csv,True
California,6,2014,True,us-population-2010-2019-states-code.csv,CA,us-population-2010-2019-states-code.csv,us-population-2010-2019-states-code.csv,us-population-2010-2019-states-code.csv,38596972,us-population-2010-2019-states-code.csv,us-population-2010-2019-states-code.csv,us-population-2010-2019-states-code.csv,us-population-2010-2019-states-code.csv,us-population-2010-2019-states-code.csv,us-population-2010-2019-states-code.csv,True
Colorado,8,2014,True,us-population-2010-2019-states-code.csv,CO,us-population-2010-2019-states-code.csv,us-population-2010-2019-states-code.csv,us-population-2010-2019-states-code.csv,5350101,us-population-2010-2019-states-code.csv,us-population-2010-2019-states-code.csv,us-population-2010-2019-states-code.csv,us-population-2010-2019-states-code.csv,us-population-2010-2019-states-code.csv,us-population-2010-2019-states-code.csv,True
Connecticut,9,2014,True,us-population-2010-2019-states-code.csv,CT,us-population-2010-2019-states-code.csv,us-population-2010-2019-states-code.csv,us-population-2010-2019-states-code.csv,3594524,us-population-2010-2019-states-code.csv,us-population-2010-2019-states-code.csv,us-population-2010-2019-states-code.csv,us-population-2010-2019-states-code.csv,us-population-2010-2019-states-code.csv,us-population-2010-2019-states-code.csv,True
Delaware,10,2014,True,us-population-2010-2019-states-code.csv,DE,us-population-2010-2019-states-code.csv,us-population-2010-2019-states-code.csv,us-population-2010-2019-states-code.csv,932487,us-population-2010-2019-states-code.csv,us-population-2010-2019-states-code.csv,us-population-2010-2019-states-code.csv,us-population-2010-2019-states-code.csv,us-population-2010-2019-states-code.csv,us-population-2010-2019-states-code.csv,True
District of Columbia,11,2014,True,us-population-2010-2019-states-code.csv,DC,us-population-2010-2019-states-code.csv,us-population-2010-2019-states-code.csv,us-population-2010-2019-states-code.csv,662328,us-population-2010-2019-states-code.csv,us-population-2010-2019-states-code.csv,us-population-2010-2019-states-code.csv,us-population-2010-2019-states-code.csv,us-population-2010-2019-states-code.csv,us-population-2010-2019-states-code.csv,True
Florida,12,2014,True,us-population-2010-2019-states-code.csv,FL,us-population-2010-2019-states-code.csv,us-population-2010-2019-states-code.csv,us-population-2010-2019-states-code.csv,19845911,us-population-2010-2019-states-code.csv,us-population-2010-2019-states-code.csv,us-population-2010-2019-states-code.csv,us-population-2010-2019-states-code.csv,us-population-2010-2019-states-code.csv,us-population-2010-2019-states-code.csv,True
Georgia,13,2014,True,us-population-2010-2019-states-code.csv,GA,us-population-2010-2019-states-code.csv,us-population-2010-2019-states-code.csv,us-population-2010-2019-states-code.csv,10067278,us-population-2010-2019-states-code.csv,us-population-2010-2019-states-code.csv,us-population-2010-2019-states-code.csv,us-population-2010-2019-states-code.csv,us-population-2010-2019-states-code.csv,us-population-2010-2019-states-code.csv,True
Hawaii,15,2014,True,us-population-2010-2019-states-code.csv,HI,us-population-2010-2019-states-code.csv,us-population-2010-2019-states-code.csv,us-population-2010-2019-states-code.csv,1414538,us-population-2010-2019-states-code.csv,us-population-2010-2019-states-code.csv,us-population-2010-2019-states-code.csv,us-population-2010-2019-states-code.csv,us-population-2010-2019-states-code.csv,us-population-2010-2019-states-code.csv,True
Idaho,16,2014,True,us-population-2010-2019-states-code.csv,ID,us-population-2010-2019-states-code.csv,us-population-2010-2019-states-code.csv,us-population-2010-2019-states-code.csv,1631112,us-population-2010-2019-states-code.csv,us-population-2010-2019-states-code.csv,us-population-2010-2019-states-code.csv,us-population-2010-2019-states-code.csv,us-population-2010-2019-states-code.csv,us-population-2010-2019-states-code.csv,True
Illinois,17,2014,True,us-population-2010-2019-states-code.csv,IL,us-population-2010-2019-states-code.csv,us-population-2010-2019-states-code.csv,us-population-2010-2019-states-code.csv,12884493,us-population-2010-2019-states-code.csv,us-population-2010-2019-states-code.csv,us-population-2010-2019-states-code.csv,us-population-2010-2019-states-code.csv,us-population-2010-2019-states-code.csv,us-population-2010-2019-states-code.csv,True
Indiana,18,2014,True,us-population-2010-2019-states-code.csv,IN,us-population-2010-2019-states-code.csv,us-population-2010-2019-states-code.csv,us-population-2010-2019-states-code.csv,6593644,us-population-2010-2019-states-code.csv,us-population-2010-2019-states-code.csv,us-population-2010-2019-states-code.csv,us-population-2010-2019-states-code.csv,us-population-2010-2019-states-code.csv,us-population-2010-2019-states-code.csv,True
Iowa,19,2014,True,us-population-2010-2019-states-code.csv,IA,us-population-2010-2019-states-code.csv,us-population-2010-2019-states-code.csv,us-population-2010-2019-states-code.csv,3109350,us-population-2010-2019-states-code.csv,us-population-2010-2019-states-code.csv,us-population-2010-2019-states-code.csv,us-population-2010-2019-states-code.csv,us-population-2010-2019-states-code.csv,us-population-2010-2019-states-code.csv,True
Kansas,20,2014,True,us-population-2010-2019-states-code.csv,KS,us-population-2010-2019-states-code.csv,us-population-2010-2019-states-code.csv,us-population-2010-2019-states-code.csv,2900475,us-population-2010-2019-states-code.csv,us-population-2010-2019-states-code.csv,us-population-2010-2019-states-code.csv,us-population-2010-2019-states-code.csv,us-population-2010-2019-states-code.csv,us-population-2010-2019-states-code.csv,True
Kentucky,21,2014,True,us-population-2010-2019-states-code.csv,KY,us-population-2010-2019-states-code.csv,us-population-2010-2019-states-code.csv,us-population-2010-2019-states-code.csv,4414349,us-population-2010-2019-states-code.csv,us-population-2010-2019-states-code.csv,us-population-2010-2019-states-code.csv,us-population-2010-2019-states-code.csv,us-population-2010-2019-states-code.csv,us-population-2010-2019-states-code.csv,True
Louisiana,22,2014,True,us-population-2010-2019-states-code.csv,LA,us-population-2010-2019-states-code.csv,us-population-2010-2019-states-code.csv,us-population-2010-2019-states-code.csv,4644013,us-population-2010-2019-states-code.csv,us-population-2010-2019-states-code.csv,us-population-2010-2019-states-code.csv,us-population-2010-2019-states-code.csv,us-population-2010-2019-states-code.csv,us-population-2010-2019-states-code.csv,True
Maine,23,2014,True,us-population-2010-2019-states-code.csv,ME,us-population-2010-2019-states-code.csv,us-population-2010-2019-states-code.csv,us-population-2010-2019-states-code.csv,1330513,us-population-2010-2019-states-code.csv,us-population-2010-2019-states-code.csv,us-population-2010-2019-states-code.csv,us-population-2010-2019-states-code.csv,us-population-2010-2019-states-code.csv,us-population-2010-2019-states-code.csv,True
Maryland,24,2014,True,us-population-2010-2019-states-code.csv,MD,us-population-2010-2019-states-code.csv,us-population-2010-2019-states-code.csv,us-population-2010-2019-states-code.csv,5957283,us-population-2010-2019-states-code.csv,us-population-2010-2019-states-code.csv,us-population-2010-2019-states-code.csv,us-population-2010-2019-states-code.csv,us-population-2010-2019-states-code.csv,us-population-2010-2019-states-code.csv,True
Massachusetts,25,2014,True,us-population-2010-2019-states-code.csv,MA,us-population-2010-2019-states-code.csv,us-population-2010-2019-states-code.csv,us-population-2010-2019-states-code.csv,6762596,us-population-2010-2019-states-code.csv,us-population-2010-2019-states-code.csv,us-population-2010-2019-states-code.csv,us-population-2010-2019-states-code.csv,us-population-2010-2019-states-code.csv,us-population-2010-2019-states-code.csv,True
Michigan,26,2014,True,us-population-2010-2019-states-code.csv,MI,us-population-2010-2019-states-code.csv,us-population-2010-2019-states-code.csv,us-population-2010-2019-states-code.csv,9929848,us-population-2010-2019-states-code.csv,us-population-2010-2019-states-code.csv,us-population-2010-2019-states-code.csv,us-population-2010-2019-states-code.csv,us-population-2010-2019-states-code.csv,us-population-2010-2019-states-code.csv,True
Minnesota,27,2014,True,us-population-2010-2019-states-code.csv,MN,us-population-2010-2019-states-code.csv,us-population-2010-2019-states-code.csv,us-population-2010-2019-states-code.csv,5451079,us-population-2010-2019-states-code.csv,us-population-2010-2019-states-code.csv,us-population-2010-2019-states-code.csv,us-population-2010-2019-states-code.csv,us-population-2010-2019-states-code.csv,us-population-2010-2019-states-code.csv,True
Mississippi,28,2014,True,us-population-2010-2019-states-code.csv,MS,us-population-2010-2019-states-code.csv,us-population-2010-2019-states-code.csv,us-population-2010-2019-states-code.csv,2990468,us-population-2010-2019-states-code.csv,us-population-2010-2019-states-code.csv,us-population-2010-2019-states-code.csv,us-population-2010-2019-states-code.csv,us-population-2010-2019-states-code.csv,us-population-2010-2019-states-code.csv,True
Missouri,29,2014,True,us-population-2010-2019-states-code.csv,MO,us-population-2010-2019-states-code.csv,us-population-2010-2019-states-code.csv,us-population-2010-2019-states-code.csv,6056202,us-population-2010-2019-states-code.csv,us-population-2010-2019-states-code.csv,us-population-2010-2019-states-code.csv,us-population-2010-2019-states-code.csv,us-population-2010-2019-states-code.csv,us-population-2010-2019-states-code.csv,True
Montana,30,2014,True,us-population-2010-2019-states-code.csv,MT,us-population-2010-2019-states-code.csv,us-population-2010-2019-states-code.csv,us-population-2010-2019-states-code.csv,1021869,us-population-2010-2019-states-code.csv,us-population-2010-2019-states-code.csv,us-population-2010-2019-states-code.csv,us-population-2010-2019-states-code.csv,us-population-2010-2019-states-code.csv,us-population-2010-2019-states-code.csv,True
Nebraska,31,2014,True,us-population-2010-2019-states-code.csv,NE,us-population-2010-2019-states-code.csv,us-population-2010-2019-states-code.csv,us-population-2010-2019-states-code.csv,1879321,us-population-2010-2019-states-code.csv,us-population-2010-2019-states-code.csv,us-population-2010-2019-states-code.csv,us-population-2010-2019-states-code.csv,us-population-2010-2019-states-code.csv,us-population-2010-2019-states-code.csv,True
Nevada,32,2014,True,us-population-2010-2019-states-code.csv,NV,us-population-2010-2019-states-code.csv,us-population-2010-2019-states-code.csv,us-population-2010-2019-states-code.csv,2817628,us-population-2010-2019-states-code.csv,us-population-2010-2019-states-code.csv,us-population-2010-2019-states-code.csv,us-population-2010-2019-states-code.csv,us-population-2010-2019-states-code.csv,us-population-2010-2019-states-code.csv,True
New Hampshire,33,2014,True,us-population-2010-2019-states-code.csv,NH,us-population-2010-2019-states-code.csv,us-population-2010-2019-states-code.csv,us-population-2010-2019-states-code.csv,1333341,us-population-2010-2019-states-code.csv,us-population-2010-2019-states-code.csv,us-population-2010-2019-states-code.csv,us-population-2010-2019-states-code.csv,us-population-2010-2019-states-code.csv,us-population-2010-2019-states-code.csv,True
New Jersey,34,2014,True,us-population-2010-2019-states-code.csv,NJ,us-population-2010-2019-states-code.csv,us-population-2010-2019-states-code.csv,us-population-2010-2019-states-code.csv,8864525,us-population-2010-2019-states-code.csv,us-population-2010-2019-states-code.csv,us-population-2010-2019-states-code.csv,us-population-2010-2019-states-code.csv,us-population-2010-2019-states-code.csv,us-population-2010-2019-states-code.csv,True
New Mexico,35,2014,True,us-population-2010-2019-states-code.csv,NM,us-population-2010-2019-states-code.csv,us-population-2010-2019-states-code.csv,us-population-2010-2019-states-code.csv,2089568,us-population-2010-2019-states-code.csv,us-population-2010-2019-states-code.csv,us-population-2010-2019-states-code.csv,us-population-2010-2019-states-code.csv,us-population-2010-2019-states-code.csv,us-population-2010-2019-states-code.csv,True
New York,36,2014,True,us-population-2010-2019-states-code.csv,NY,us-population-2010-2019-states-code.csv,us-population-2010-2019-states-code.csv,us-population-2010-2019-states-code.csv,19651049,us-population-2010-2019-states-code.csv,us-population-2010-2019-states-code.csv,us-population-2010-2019-states-code.csv,us-population-2010-2019-states-code.csv,us-population-2010-2019-states-code.csv,us-population-2010-2019-states-code.csv,True
North Carolina,37,2014,True,us-population-2010-2019-states-code.csv,NC,us-population-2010-2019-states-code.csv,us-population-2010-2019-states-code.csv,us-population-2010-2019-states-code.csv,9932887,us-population-2010-2019-states-code.csv,us-population-2010-2019-states-code.csv,us-population-2010-2019-states-code.csv,us-population-2010-2019-states-code.csv,us-population-2010-2019-states-code.csv,us-population-2010-2019-states-code.csv,True
North Dakota,38,2014,True,us-population-2010-2019-states-code.csv,ND,us-population-2010-2019-states-code.csv,us-population-2010-2019-states-code.csv,us-population-2010-2019-states-code.csv,737401,us-population-2010-2019-states-code.csv,us-population-2010-2019-states-code.csv,us-population-2010-2019-states-code.csv,us-population-2010-2019-states-code.csv,us-population-2010-2019-states-code.csv,us-population-2010-2019-states-code.csv,True
Ohio,39,2014,True,us-population-2010-2019-states-code.csv,OH,us-population-2010-2019-states-code.csv,us-population-2010-2019-states-code.csv,us-population-2010-2019-states-code.csv,11602700,us-population-2010-2019-states-code.csv,us-population-2010-2019-states-code.csv,us-population-2010-2019-states-code.csv,us-population-2010-2019-states-code.csv,us-population-2010-2019-states-code.csv,us-population-2010-2019-states-code.csv,True
Oklahoma,40,2014,True,us-population-2010-2019-states-code.csv,OK,us-population-2010-2019-states-code.csv,us-population-2010-2019-states-code.csv,us-population-2010-2019-states-code.csv,3878187,us-population-2010-2019-states-code.csv,us-population-2010-2019-states-code.csv,us-population-2010-2019-states-code.csv,us-population-2010-2019-states-code.csv,us-population-2010-2019-states-code.csv,us-population-2010-2019-states-code.csv,True
Oregon,41,2014,True,us-population-2010-2019-states-code.csv,OR,us-population-2010-2019-states-code.csv,us-population-2010-2019-states-code.csv,us-population-2010-2019-states-code.csv,3963244,us-population-2010-2019-states-code.csv,us-population-2010-2019-states-code.csv,us-population-2010-2019-states-code.csv,us-population-2010-2019-states-code.csv,us-population-2010-2019-states-code.csv,us-population-2010-2019-states-code.csv,True
Pennsylvania,42,2014,True,us-population-2010-2019-states-code.csv,PA,us-population-2010-2019-states-code.csv,us-population-2010-2019-states-code.csv,us-population-2010-2019-states-code.csv,12788313,us-population-2010-2019-states-code.csv,us-population-2010-2019-states-code.csv,us-population-2010-2019-states-code.csv,us-population-2010-2019-states-code.csv,us-population-2010-2019-states-code.csv,us-population-2010-2019-states-code.csv,True
Puerto Rico,72,2014,True,us-population-2010-2019-states-code.csv,PR,us-population-2010-2019-states-code.csv,us-population-2010-2019-states-code.csv,us-population-2010-2019-states-code.csv,3534874,us-population-2010-2019-states-code.csv,us-population-2010-2019-states-code.csv,us-population-2010-2019-states-code.csv,us-population-2010-2019-states-code.csv,us-population-2010-2019-states-code.csv,us-population-2010-2019-states-code.csv,True
Rhode Island,44,2014,True,us-population-2010-2019-states-code.csv,RI,us-population-2010-2019-states-code.csv,us-population-2010-2019-states-code.csv,us-population-2010-2019-states-code.csv,1055936,us-population-2010-2019-states-code.csv,us-population-2010-2019-states-code.csv,us-population-2010-2019-states-code.csv,us-population-2010-2019-states-code.csv,us-population-2010-2019-states-code.csv,us-population-2010-2019-states-code.csv,True
South Carolina,45,2014,True,us-population-2010-2019-states-code.csv,SC,us-population-2010-2019-states-code.csv,us-population-2010-2019-states-code.csv,us-population-2010-2019-states-code.csv,4823617,us-population-2010-2019-states-code.csv,us-population-2010-2019-states-code.csv,us-population-2010-2019-states-code.csv,us-population-2010-2019-states-code.csv,us-population-2010-2019-states-code.csv,us-population-2010-2019-states-code.csv,True
South Dakota,46,2014,True,us-population-2010-2019-states-code.csv,SD,us-population-2010-2019-states-code.csv,us-population-2010-2019-states-code.csv,us-population-2010-2019-states-code.csv,849129,us-population-2010-2019-states-code.csv,us-population-2010-2019-states-code.csv,us-population-2010-2019-states-code.csv,us-population-2010-2019-states-code.csv,us-population-2010-2019-states-code.csv,us-population-2010-2019-states-code.csv,True
Tennessee,47,2014,True,us-population-2010-2019-states-code.csv,TN,us-population-2010-2019-states-code.csv,us-population-2010-2019-states-code.csv,us-population-2010-2019-states-code.csv,6541223,us-population-2010-2019-states-code.csv,us-population-2010-2019-states-code.csv,us-population-2010-2019-states-code.csv,us-population-2010-2019-states-code.csv,us-population-2010-2019-states-code.csv,us-population-2010-2019-states-code.csv,True
Texas,48,2014,True,us-population-2010-2019-states-code.csv,TX,us-population-2010-2019-states-code.csv,us-population-2010-2019-states-code.csv,us-population-2010-2019-states-code.csv,26964333,us-population-2010-2019-states-code.csv,us-population-2010-2019-states-code.csv,us-population-2010-2019-states-code.csv,us-population-2010-2019-states-code.csv,us-population-2010-2019-states-code.csv,us-population-2010-2019-states-code.csv,True
Utah,49,2014,True,us-population-2010-2019-states-code.csv,UT,us-population-2010-2019-states-code.csv,us-population-2010-2019-states-code.csv,us-population-2010-2019-states-code.csv,2936879,us-population-2010-2019-states-code.csv,us-population-2010-2019-states-code.csv,us-population-2010-2019-states-code.csv,us-population-2010-2019-states-code.csv,us-population-2010-2019-states-code.csv,us-population-2010-2019-states-code.csv,True
Vermont,50,2014,True,us-population-2010-2019-states-code.csv,VT,us-population-2010-2019-states-code.csv,us-population-2010-2019-states-code.csv,us-population-2010-2019-states-code.csv,625214,us-population-2010-2019-states-code.csv,us-population-2010-2019-states-code.csv,us-population-2010-2019-states-code.csv,us-population-2010-2019-states-code.csv,us-population-2010-2019-states-code.csv,us-population-2010-2019-states-code.csv,True
Virginia,51,2014,True,us-population-2010-2019-states-code.csv,VA,us-population-2010-2019-states-code.csv,us-population-2010-2019-states-code.csv,us-population-2010-2019-states-code.csv,8310993,us-population-2010-2019-states-code.csv,us-population-2010-2019-states-code.csv,us-population-2010-2019-states-code.csv,us-population-2010-2019-states-code.csv,us-population-2010-2019-states-code.csv,us-population-2010-2019-states-code.csv,True
Washington,53,2014,True,us-population-2010-2019-states-code.csv,WA,us-population-2010-2019-states-code.csv,us-population-2010-2019-states-code.csv,us-population-2010-2019-states-code.csv,7054655,us-population-2010-2019-states-code.csv,us-population-2010-2019-states-code.csv,us-population-2010-2019-states-code.csv,us-population-2010-2019-states-code.csv,us-population-2010-2019-states-code.csv,us-population-2010-2019-states-code.csv,True
West Virginia,54,2014,True,us-population-2010-2019-states-code.csv,WV,us-population-2010-2019-states-code.csv,us-population-2010-2019-states-code.csv,us-population-2010-2019-states-code.csv,1849489,us-population-2010-2019-states-code.csv,us-population-2010-2019-states-code.csv,us-population-2010-2019-states-code.csv,us-population-2010-2019-states-code.csv,us-population-2010-2019-states-code.csv,us-population-2010-2019-states-code.csv,True
Wisconsin,55,2014,True,us-population-2010-2019-states-code.csv,WI,us-population-2010-2019-states-code.csv,us-population-2010-2019-states-code.csv,us-population-2010-2019-states-code.csv,5751525,us-population-2010-2019-states-code.csv,us-population-2010-2019-states-code.csv,us-population-2010-2019-states-code.csv,us-population-2010-2019-states-code.csv,us-population-2010-2019-states-code.csv,us-population-2010-2019-states-code.csv,True
Wyoming,56,2014,True,us-population-2010-2019-states-code.csv,WY,us-population-2010-2019-states-code.csv,us-population-2010-2019-states-code.csv,us-population-2010-2019-states-code.csv,582531,us-population-2010-2019-states-code.csv,us-population-2010-2019-states-code.csv,us-population-2010-2019-states-code.csv,us-population-2010-2019-states-code.csv,us-population-2010-2019-states-code.csv,us-population-2010-2019-states-code.csv,True
Alabama,1,2015,True,us-population-2010-2019-states-code.csv,AL,us-population-2010-2019-states-code.csv,us-population-2010-2019-states-code.csv,us-population-2010-2019-states-code.csv,4852347,us-population-2010-2019-states-code.csv,us-population-2010-2019-states-code.csv,us-population-2010-2019-states-code.csv,us-population-2010-2019-states-code.csv,us-population-2010-2019-states-code.csv,us-population-2010-2019-states-code.csv,True
Alaska,2,2015,True,us-population-2010-2019-states-code.csv,AK,us-population-2010-2019-states-code.csv,us-population-2010-2019-states-code.csv,us-population-2010-2019-states-code.csv,737498,us-population-2010-2019-states-code.csv,us-population-2010-2019-states-code.csv,us-population-2010-2019-states-code.csv,us-population-2010-2019-states-code.csv,us-population-2010-2019-states-code.csv,us-population-2010-2019-states-code.csv,True
Arizona,4,2015,True,us-population-2010-2019-states-code.csv,AZ,us-population-2010-2019-states-code.csv,us-population-2010-2019-states-code.csv,us-population-2010-2019-states-code.csv,6829676,us-population-2010-2019-states-code.csv,us-population-2010-2019-states-code.csv,us-population-2010-2019-states-code.csv,us-population-2010-2019-states-code.csv,us-population-2010-2019-states-code.csv,us-population-2010-2019-states-code.csv,True
Arkansas,5,2015,True,us-population-2010-2019-states-code.csv,AR,us-population-2010-2019-states-code.csv,us-population-2010-2019-states-code.csv,us-population-2010-2019-states-code.csv,2978048,us-population-2010-2019-states-code.csv,us-population-2010-2019-states-code.csv,us-population-2010-2019-states-code.csv,us-population-2010-2019-states-code.csv,us-population-2010-2019-states-code.csv,us-population-2010-2019-states-code.csv,True
California,6,2015,True,us-population-2010-2019-states-code.csv,CA,us-population-2010-2019-states-code.csv,us-population-2010-2019-states-code.csv,us-population-2010-2019-states-code.csv,38918045,us-population-2010-2019-states-code.csv,us-population-2010-2019-states-code.csv,us-population-2010-2019-states-code.csv,us-population-2010-2019-states-code.csv,us-population-2010-2019-states-code.csv,us-population-2010-2019-states-code.csv,True
Colorado,8,2015,True,us-population-2010-2019-states-code.csv,CO,us-population-2010-2019-states-code.csv,us-population-2010-2019-states-code.csv,us-population-2010-2019-states-code.csv,5450623,us-population-2010-2019-states-code.csv,us-population-2010-2019-states-code.csv,us-population-2010-2019-states-code.csv,us-population-2010-2019-states-code.csv,us-population-2010-2019-states-code.csv,us-population-2010-2019-states-code.csv,True
Connecticut,9,2015,True,us-population-2010-2019-states-code.csv,CT,us-population-2010-2019-states-code.csv,us-population-2010-2019-states-code.csv,us-population-2010-2019-states-code.csv,3587122,us-population-2010-2019-states-code.csv,us-population-2010-2019-states-code.csv,us-population-2010-2019-states-code.csv,us-population-2010-2019-states-code.csv,us-population-2010-2019-states-code.csv,us-population-2010-2019-states-code.csv,True
Delaware,10,2015,True,us-population-2010-2019-states-code.csv,DE,us-population-2010-2019-states-code.csv,us-population-2010-2019-states-code.csv,us-population-2010-2019-states-code.csv,941252,us-population-2010-2019-states-code.csv,us-population-2010-2019-states-code.csv,us-population-2010-2019-states-code.csv,us-population-2010-2019-states-code.csv,us-population-2010-2019-states-code.csv,us-population-2010-2019-states-code.csv,True
District of Columbia,11,2015,True,us-population-2010-2019-states-code.csv,DC,us-population-2010-2019-states-code.csv,us-population-2010-2019-states-code.csv,us-population-2010-2019-states-code.csv,675400,us-population-2010-2019-states-code.csv,us-population-2010-2019-states-code.csv,us-population-2010-2019-states-code.csv,us-population-2010-2019-states-code.csv,us-population-2010-2019-states-code.csv,us-population-2010-2019-states-code.csv,True
Florida,12,2015,True,us-population-2010-2019-states-code.csv,FL,us-population-2010-2019-states-code.csv,us-population-2010-2019-states-code.csv,us-population-2010-2019-states-code.csv,20209042,us-population-2010-2019-states-code.csv,us-population-2010-2019-states-code.csv,us-population-2010-2019-states-code.csv,us-population-2010-2019-states-code.csv,us-population-2010-2019-states-code.csv,us-population-2010-2019-states-code.csv,True
Georgia,13,2015,True,us-population-2010-2019-states-code.csv,GA,us-population-2010-2019-states-code.csv,us-population-2010-2019-states-code.csv,us-population-2010-2019-states-code.csv,10178447,us-population-2010-2019-states-code.csv,us-population-2010-2019-states-code.csv,us-population-2010-2019-states-code.csv,us-population-2010-2019-states-code.csv,us-population-2010-2019-states-code.csv,us-population-2010-2019-states-code.csv,True
Hawaii,15,2015,True,us-population-2010-2019-states-code.csv,HI,us-population-2010-2019-states-code.csv,us-population-2010-2019-states-code.csv,us-population-2010-2019-states-code.csv,1422052,us-population-2010-2019-states-code.csv,us-population-2010-2019-states-code.csv,us-population-2010-2019-states-code.csv,us-population-2010-2019-states-code.csv,us-population-2010-2019-states-code.csv,us-population-2010-2019-states-code.csv,True
Idaho,16,2015,True,us-population-2010-2019-states-code.csv,ID,us-population-2010-2019-states-code.csv,us-population-2010-2019-states-code.csv,us-population-2010-2019-states-code.csv,1651059,us-population-2010-2019-states-code.csv,us-population-2010-2019-states-code.csv,us-population-2010-2019-states-code.csv,us-population-2010-2019-states-code.csv,us-population-2010-2019-states-code.csv,us-population-2010-2019-states-code.csv,True
Illinois,17,2015,True,us-population-2010-2019-states-code.csv,IL,us-population-2010-2019-states-code.csv,us-population-2010-2019-states-code.csv,us-population-2010-2019-states-code.csv,12858913,us-population-2010-2019-states-code.csv,us-population-2010-2019-states-code.csv,us-population-2010-2019-states-code.csv,us-population-2010-2019-states-code.csv,us-population-2010-2019-states-code.csv,us-population-2010-2019-states-code.csv,True
Indiana,18,2015,True,us-population-2010-2019-states-code.csv,IN,us-population-2010-2019-states-code.csv,us-population-2010-2019-states-code.csv,us-population-2010-2019-states-code.csv,6608422,us-population-2010-2019-states-code.csv,us-population-2010-2019-states-code.csv,us-population-2010-2019-states-code.csv,us-population-2010-2019-states-code.csv,us-population-2010-2019-states-code.csv,us-population-2010-2019-states-code.csv,True
Iowa,19,2015,True,us-population-2010-2019-states-code.csv,IA,us-population-2010-2019-states-code.csv,us-population-2010-2019-states-code.csv,us-population-2010-2019-states-code.csv,3120960,us-population-2010-2019-states-code.csv,us-population-2010-2019-states-code.csv,us-population-2010-2019-states-code.csv,us-population-2010-2019-states-code.csv,us-population-2010-2019-states-code.csv,us-population-2010-2019-states-code.csv,True
Kansas,20,2015,True,us-population-2010-2019-states-code.csv,KS,us-population-2010-2019-states-code.csv,us-population-2010-2019-states-code.csv,us-population-2010-2019-states-code.csv,2909011,us-population-2010-2019-states-code.csv,us-population-2010-2019-states-code.csv,us-population-2010-2019-states-code.csv,us-population-2010-2019-states-code.csv,us-population-2010-2019-states-code.csv,us-population-2010-2019-states-code.csv,True
Kentucky,21,2015,True,us-population-2010-2019-states-code.csv,KY,us-population-2010-2019-states-code.csv,us-population-2010-2019-states-code.csv,us-population-2010-2019-states-code.csv,4425976,us-population-2010-2019-states-code.csv,us-population-2010-2019-states-code.csv,us-population-2010-2019-states-code.csv,us-population-2010-2019-states-code.csv,us-population-2010-2019-states-code.csv,us-population-2010-2019-states-code.csv,True
Louisiana,22,2015,True,us-population-2010-2019-states-code.csv,LA,us-population-2010-2019-states-code.csv,us-population-2010-2019-states-code.csv,us-population-2010-2019-states-code.csv,4664628,us-population-2010-2019-states-code.csv,us-population-2010-2019-states-code.csv,us-population-2010-2019-states-code.csv,us-population-2010-2019-states-code.csv,us-population-2010-2019-states-code.csv,us-population-2010-2019-states-code.csv,True
Maine,23,2015,True,us-population-2010-2019-states-code.csv,ME,us-population-2010-2019-states-code.csv,us-population-2010-2019-states-code.csv,us-population-2010-2019-states-code.csv,1328262,us-population-2010-2019-states-code.csv,us-population-2010-2019-states-code.csv,us-population-2010-2019-states-code.csv,us-population-2010-2019-states-code.csv,us-population-2010-2019-states-code.csv,us-population-2010-2019-states-code.csv,True
Maryland,24,2015,True,us-population-2010-2019-states-code.csv,MD,us-population-2010-2019-states-code.csv,us-population-2010-2019-states-code.csv,us-population-2010-2019-states-code.csv,5985562,us-population-2010-2019-states-code.csv,us-population-2010-2019-states-code.csv,us-population-2010-2019-states-code.csv,us-population-2010-2019-states-code.csv,us-population-2010-2019-states-code.csv,us-population-2010-2019-states-code.csv,True
Massachusetts,25,2015,True,us-population-2010-2019-states-code.csv,MA,us-population-2010-2019-states-code.csv,us-population-2010-2019-states-code.csv,us-population-2010-2019-states-code.csv,6794228,us-population-2010-2019-states-code.csv,us-population-2010-2019-states-code.csv,us-population-2010-2019-states-code.csv,us-population-2010-2019-states-code.csv,us-population-2010-2019-states-code.csv,us-population-2010-2019-states-code.csv,True
Michigan,26,2015,True,us-population-2010-2019-states-code.csv,MI,us-population-2010-2019-states-code.csv,us-population-2010-2019-states-code.csv,us-population-2010-2019-states-code.csv,9931715,us-population-2010-2019-states-code.csv,us-population-2010-2019-states-code.csv,us-population-2010-2019-states-code.csv,us-population-2010-2019-states-code.csv,us-population-2010-2019-states-code.csv,us-population-2010-2019-states-code.csv,True
Minnesota,27,2015,True,us-population-2010-2019-states-code.csv,MN,us-population-2010-2019-states-code.csv,us-population-2010-2019-states-code.csv,us-population-2010-2019-states-code.csv,5482032,us-population-2010-2019-states-code.csv,us-population-2010-2019-states-code.csv,us-population-2010-2019-states-code.csv,us-population-2010-2019-states-code.csv,us-population-2010-2019-states-code.csv,us-population-2010-2019-states-code.csv,True
Mississippi,28,2015,True,us-population-2010-2019-states-code.csv,MS,us-population-2010-2019-states-code.csv,us-population-2010-2019-states-code.csv,us-population-2010-2019-states-code.csv,2988471,us-population-2010-2019-states-code.csv,us-population-2010-2019-states-code.csv,us-population-2010-2019-states-code.csv,us-population-2010-2019-states-code.csv,us-population-2010-2019-states-code.csv,us-population-2010-2019-states-code.csv,True
Missouri,29,2015,True,us-population-2010-2019-states-code.csv,MO,us-population-2010-2019-states-code.csv,us-population-2010-2019-states-code.csv,us-population-2010-2019-states-code.csv,6071732,us-population-2010-2019-states-code.csv,us-population-2010-2019-states-code.csv,us-population-2010-2019-states-code.csv,us-population-2010-2019-states-code.csv,us-population-2010-2019-states-code.csv,us-population-2010-2019-states-code.csv,True
Montana,30,2015,True,us-population-2010-2019-states-code.csv,MT,us-population-2010-2019-states-code.csv,us-population-2010-2019-states-code.csv,us-population-2010-2019-states-code.csv,1030475,us-population-2010-2019-states-code.csv,us-population-2010-2019-states-code.csv,us-population-2010-2019-states-code.csv,us-population-2010-2019-states-code.csv,us-population-2010-2019-states-code.csv,us-population-2010-2019-states-code.csv,True
Nebraska,31,2015,True,us-population-2010-2019-states-code.csv,NE,us-population-2010-2019-states-code.csv,us-population-2010-2019-states-code.csv,us-population-2010-2019-states-code.csv,1891277,us-population-2010-2019-states-code.csv,us-population-2010-2019-states-code.csv,us-population-2010-2019-states-code.csv,us-population-2010-2019-states-code.csv,us-population-2010-2019-states-code.csv,us-population-2010-2019-states-code.csv,True
Nevada,32,2015,True,us-population-2010-2019-states-code.csv,NV,us-population-2010-2019-states-code.csv,us-population-2010-2019-states-code.csv,us-population-2010-2019-states-code.csv,2866939,us-population-2010-2019-states-code.csv,us-population-2010-2019-states-code.csv,us-population-2010-2019-states-code.csv,us-population-2010-2019-states-code.csv,us-population-2010-2019-states-code.csv,us-population-2010-2019-states-code.csv,True
New Hampshire,33,2015,True,us-population-2010-2019-states-code.csv,NH,us-population-2010-2019-states-code.csv,us-population-2010-2019-states-code.csv,us-population-2010-2019-states-code.csv,1336350,us-population-2010-2019-states-code.csv,us-population-2010-2019-states-code.csv,us-population-2010-2019-states-code.csv,us-population-2010-2019-states-code.csv,us-population-2010-2019-states-code.csv,us-population-2010-2019-states-code.csv,True
New Jersey,34,2015,True,us-population-2010-2019-states-code.csv,NJ,us-population-2010-2019-states-code.csv,us-population-2010-2019-states-code.csv,us-population-2010-2019-states-code.csv,8867949,us-population-2010-2019-states-code.csv,us-population-2010-2019-states-code.csv,us-population-2010-2019-states-code.csv,us-population-2010-2019-states-code.csv,us-population-2010-2019-states-code.csv,us-population-2010-2019-states-code.csv,True
New Mexico,35,2015,True,us-population-2010-2019-states-code.csv,NM,us-population-2010-2019-states-code.csv,us-population-2010-2019-states-code.csv,us-population-2010-2019-states-code.csv,2089291,us-population-2010-2019-states-code.csv,us-population-2010-2019-states-code.csv,us-population-2010-2019-states-code.csv,us-population-2010-2019-states-code.csv,us-population-2010-2019-states-code.csv,us-population-2010-2019-states-code.csv,True
New York,36,2015,True,us-population-2010-2019-states-code.csv,NY,us-population-2010-2019-states-code.csv,us-population-2010-2019-states-code.csv,us-population-2010-2019-states-code.csv,19654666,us-population-2010-2019-states-code.csv,us-population-2010-2019-states-code.csv,us-population-2010-2019-states-code.csv,us-population-2010-2019-states-code.csv,us-population-2010-2019-states-code.csv,us-population-2010-2019-states-code.csv,True
North Carolina,37,2015,True,us-population-2010-2019-states-code.csv,NC,us-population-2010-2019-states-code.csv,us-population-2010-2019-states-code.csv,us-population-2010-2019-states-code.csv,10031646,us-population-2010-2019-states-code.csv,us-population-2010-2019-states-code.csv,us-population-2010-2019-states-code.csv,us-population-2010-2019-states-code.csv,us-population-2010-2019-states-code.csv,us-population-2010-2019-states-code.csv,True
North Dakota,38,2015,True,us-population-2010-2019-states-code.csv,ND,us-population-2010-2019-states-code.csv,us-population-2010-2019-states-code.csv,us-population-2010-2019-states-code.csv,754066,us-population-2010-2019-states-code.csv,us-population-2010-2019-states-code.csv,us-population-2010-2019-states-code.csv,us-population-2010-2019-states-code.csv,us-population-2010-2019-states-code.csv,us-population-2010-2019-states-code.csv,True
Ohio,39,2015,True,us-population-2010-2019-states-code.csv,OH,us-population-2010-2019-states-code.csv,us-population-2010-2019-states-code.csv,us-population-2010-2019-states-code.csv,11617527,us-population-2010-2019-states-code.csv,us-population-2010-2019-states-code.csv,us-population-2010-2019-states-code.csv,us-population-2010-2019-states-code.csv,us-population-2010-2019-states-code.csv,us-population-2010-2019-states-code.csv,True
Oklahoma,40,2015,True,us-population-2010-2019-states-code.csv,OK,us-population-2010-2019-states-code.csv,us-population-2010-2019-states-code.csv,us-population-2010-2019-states-code.csv,3909500,us-population-2010-2019-states-code.csv,us-population-2010-2019-states-code.csv,us-population-2010-2019-states-code.csv,us-population-2010-2019-states-code.csv,us-population-2010-2019-states-code.csv,us-population-2010-2019-states-code.csv,True
Oregon,41,2015,True,us-population-2010-2019-states-code.csv,OR,us-population-2010-2019-states-code.csv,us-population-2010-2019-states-code.csv,us-population-2010-2019-states-code.csv,4015792,us-population-2010-2019-states-code.csv,us-population-2010-2019-states-code.csv,us-population-2010-2019-states-code.csv,us-population-2010-2019-states-code.csv,us-population-2010-2019-states-code.csv,us-population-2010-2019-states-code.csv,True
Pennsylvania,42,2015,True,us-population-2010-2019-states-code.csv,PA,us-population-2010-2019-states-code.csv,us-population-2010-2019-states-code.csv,us-population-2010-2019-states-code.csv,12784826,us-population-2010-2019-states-code.csv,us-population-2010-2019-states-code.csv,us-population-2010-2019-states-code.csv,us-population-2010-2019-states-code.csv,us-population-2010-2019-states-code.csv,us-population-2010-2019-states-code.csv,True
Puerto Rico,72,2015,True,us-population-2010-2019-states-code.csv,PR,us-population-2010-2019-states-code.csv,us-population-2010-2019-states-code.csv,us-population-2010-2019-states-code.csv,3473232,us-population-2010-2019-states-code.csv,us-population-2010-2019-states-code.csv,us-population-2010-2019-states-code.csv,us-population-2010-2019-states-code.csv,us-population-2010-2019-states-code.csv,us-population-2010-2019-states-code.csv,True
Rhode Island,44,2015,True,us-population-2010-2019-states-code.csv,RI,us-population-2010-2019-states-code.csv,us-population-2010-2019-states-code.csv,us-population-2010-2019-states-code.csv,1056065,us-population-2010-2019-states-code.csv,us-population-2010-2019-states-code.csv,us-population-2010-2019-states-code.csv,us-population-2010-2019-states-code.csv,us-population-2010-2019-states-code.csv,us-population-2010-2019-states-code.csv,True
South Carolina,45,2015,True,us-population-2010-2019-states-code.csv,SC,us-population-2010-2019-states-code.csv,us-population-2010-2019-states-code.csv,us-population-2010-2019-states-code.csv,4891938,us-population-2010-2019-states-code.csv,us-population-2010-2019-states-code.csv,us-population-2010-2019-states-code.csv,us-population-2010-2019-states-code.csv,us-population-2010-2019-states-code.csv,us-population-2010-2019-states-code.csv,True
South Dakota,46,2015,True,us-population-2010-2019-states-code.csv,SD,us-population-2010-2019-states-code.csv,us-population-2010-2019-states-code.csv,us-population-2010-2019-states-code.csv,853988,us-population-2010-2019-states-code.csv,us-population-2010-2019-states-code.csv,us-population-2010-2019-states-code.csv,us-population-2010-2019-states-code.csv,us-population-2010-2019-states-code.csv,us-population-2010-2019-states-code.csv,True
Tennessee,47,2015,True,us-population-2010-2019-states-code.csv,TN,us-population-2010-2019-states-code.csv,us-population-2010-2019-states-code.csv,us-population-2010-2019-states-code.csv,6591170,us-population-2010-2019-states-code.csv,us-population-2010-2019-states-code.csv,us-population-2010-2019-states-code.csv,us-population-2010-2019-states-code.csv,us-population-2010-2019-states-code.csv,us-population-2010-2019-states-code.csv,True
Texas,48,2015,True,us-population-2010-2019-states-code.csv,TX,us-population-2010-2019-states-code.csv,us-population-2010-2019-states-code.csv,us-population-2010-2019-states-code.csv,27470056,us-population-2010-2019-states-code.csv,us-population-2010-2019-states-code.csv,us-population-2010-2019-states-code.csv,us-population-2010-2019-states-code.csv,us-population-2010-2019-states-code.csv,us-population-2010-2019-states-code.csv,True
Utah,49,2015,True,us-population-2010-2019-states-code.csv,UT,us-population-2010-2019-states-code.csv,us-population-2010-2019-states-code.csv,us-population-2010-2019-states-code.csv,2981835,us-population-2010-2019-states-code.csv,us-population-2010-2019-states-code.csv,us-population-2010-2019-states-code.csv,us-population-2010-2019-states-code.csv,us-population-2010-2019-states-code.csv,us-population-2010-2019-states-code.csv,True
Vermont,50,2015,True,us-population-2010-2019-states-code.csv,VT,us-population-2010-2019-states-code.csv,us-population-2010-2019-states-code.csv,us-population-2010-2019-states-code.csv,625216,us-population-2010-2019-states-code.csv,us-population-2010-2019-states-code.csv,us-population-2010-2019-states-code.csv,us-population-2010-2019-states-code.csv,us-population-2010-2019-states-code.csv,us-population-2010-2019-states-code.csv,True
Virginia,51,2015,True,us-population-2010-2019-states-code.csv,VA,us-population-2010-2019-states-code.csv,us-population-2010-2019-states-code.csv,us-population-2010-2019-states-code.csv,8361808,us-population-2010-2019-states-code.csv,us-population-2010-2019-states-code.csv,us-population-2010-2019-states-code.csv,us-population-2010-2019-states-code.csv,us-population-2010-2019-states-code.csv,us-population-2010-2019-states-code.csv,True
Washington,53,2015,True,us-population-2010-2019-states-code.csv,WA,us-population-2010-2019-states-code.csv,us-population-2010-2019-states-code.csv,us-population-2010-2019-states-code.csv,7163657,us-population-2010-2019-states-code.csv,us-population-2010-2019-states-code.csv,us-population-2010-2019-states-code.csv,us-population-2010-2019-states-code.csv,us-population-2010-2019-states-code.csv,us-population-2010-2019-states-code.csv,True
West Virginia,54,2015,True,us-population-2010-2019-states-code.csv,WV,us-population-2010-2019-states-code.csv,us-population-2010-2019-states-code.csv,us-population-2010-2019-states-code.csv,1842050,us-population-2010-2019-states-code.csv,us-population-2010-2019-states-code.csv,us-population-2010-2019-states-code.csv,us-population-2010-2019-states-code.csv,us-population-2010-2019-states-code.csv,us-population-2010-2019-states-code.csv,True
Wisconsin,55,2015,True,us-population-2010-2019-states-code.csv,WI,us-population-2010-2019-states-code.csv,us-population-2010-2019-states-code.csv,us-population-2010-2019-states-code.csv,5760940,us-population-2010-2019-states-code.csv,us-population-2010-2019-states-code.csv,us-population-2010-2019-states-code.csv,us-population-2010-2019-states-code.csv,us-population-2010-2019-states-code.csv,us-population-2010-2019-states-code.csv,True
Wyoming,56,2015,True,us-population-2010-2019-states-code.csv,WY,us-population-2010-2019-states-code.csv,us-population-2010-2019-states-code.csv,us-population-2010-2019-states-code.csv,585613,us-population-2010-2019-states-code.csv,us-population-2010-2019-states-code.csv,us-population-2010-2019-states-code.csv,us-population-2010-2019-states-code.csv,us-population-2010-2019-states-code.csv,us-population-2010-2019-states-code.csv,True
Alabama,1,2016,True,us-population-2010-2019-states-code.csv,AL,us-population-2010-2019-states-code.csv,us-population-2010-2019-states-code.csv,us-population-2010-2019-states-code.csv,4863525,us-population-2010-2019-states-code.csv,us-population-2010-2019-states-code.csv,us-population-2010-2019-states-code.csv,us-population-2010-2019-states-code.csv,us-population-2010-2019-states-code.csv,us-population-2010-2019-states-code.csv,True
Alaska,2,2016,True,us-population-2010-2019-states-code.csv,AK,us-population-2010-2019-states-code.csv,us-population-2010-2019-states-code.csv,us-population-2010-2019-states-code.csv,741456,us-population-2010-2019-states-code.csv,us-population-2010-2019-states-code.csv,us-population-2010-2019-states-code.csv,us-population-2010-2019-states-code.csv,us-population-2010-2019-states-code.csv,us-population-2010-2019-states-code.csv,True
Arizona,4,2016,True,us-population-2010-2019-states-code.csv,AZ,us-population-2010-2019-states-code.csv,us-population-2010-2019-states-code.csv,us-population-2010-2019-states-code.csv,6941072,us-population-2010-2019-states-code.csv,us-population-2010-2019-states-code.csv,us-population-2010-2019-states-code.csv,us-population-2010-2019-states-code.csv,us-population-2010-2019-states-code.csv,us-population-2010-2019-states-code.csv,True
Arkansas,5,2016,True,us-population-2010-2019-states-code.csv,AR,us-population-2010-2019-states-code.csv,us-population-2010-2019-states-code.csv,us-population-2010-2019-states-code.csv,2989918,us-population-2010-2019-states-code.csv,us-population-2010-2019-states-code.csv,us-population-2010-2019-states-code.csv,us-population-2010-2019-states-code.csv,us-population-2010-2019-states-code.csv,us-population-2010-2019-states-code.csv,True
California,6,2016,True,us-population-2010-2019-states-code.csv,CA,us-population-2010-2019-states-code.csv,us-population-2010-2019-states-code.csv,us-population-2010-2019-states-code.csv,39167117,us-population-2010-2019-states-code.csv,us-population-2010-2019-states-code.csv,us-population-2010-2019-states-code.csv,us-population-2010-2019-states-code.csv,us-population-2010-2019-states-code.csv,us-population-2010-2019-states-code.csv,True
Colorado,8,2016,True,us-population-2010-2019-states-code.csv,CO,us-population-2010-2019-states-code.csv,us-population-2010-2019-states-code.csv,us-population-2010-2019-states-code.csv,5539215,us-population-2010-2019-states-code.csv,us-population-2010-2019-states-code.csv,us-population-2010-2019-states-code.csv,us-population-2010-2019-states-code.csv,us-population-2010-2019-states-code.csv,us-population-2010-2019-states-code.csv,True
Connecticut,9,2016,True,us-population-2010-2019-states-code.csv,CT,us-population-2010-2019-states-code.csv,us-population-2010-2019-states-code.csv,us-population-2010-2019-states-code.csv,3578141,us-population-2010-2019-states-code.csv,us-population-2010-2019-states-code.csv,us-population-2010-2019-states-code.csv,us-population-2010-2019-states-code.csv,us-population-2010-2019-states-code.csv,us-population-2010-2019-states-code.csv,True
Delaware,10,2016,True,us-population-2010-2019-states-code.csv,DE,us-population-2010-2019-states-code.csv,us-population-2010-2019-states-code.csv,us-population-2010-2019-states-code.csv,948921,us-population-2010-2019-states-code.csv,us-population-2010-2019-states-code.csv,us-population-2010-2019-states-code.csv,us-population-2010-2019-states-code.csv,us-population-2010-2019-states-code.csv,us-population-2010-2019-states-code.csv,True
District of Columbia,11,2016,True,us-population-2010-2019-states-code.csv,DC,us-population-2010-2019-states-code.csv,us-population-2010-2019-states-code.csv,us-population-2010-2019-states-code.csv,685815,us-population-2010-2019-states-code.csv,us-population-2010-2019-states-code.csv,us-population-2010-2019-states-code.csv,us-population-2010-2019-states-code.csv,us-population-2010-2019-states-code.csv,us-population-2010-2019-states-code.csv,True
Florida,12,2016,True,us-population-2010-2019-states-code.csv,FL,us-population-2010-2019-states-code.csv,us-population-2010-2019-states-code.csv,us-population-2010-2019-states-code.csv,20613477,us-population-2010-2019-states-code.csv,us-population-2010-2019-states-code.csv,us-population-2010-2019-states-code.csv,us-population-2010-2019-states-code.csv,us-population-2010-2019-states-code.csv,us-population-2010-2019-states-code.csv,True
Georgia,13,2016,True,us-population-2010-2019-states-code.csv,GA,us-population-2010-2019-states-code.csv,us-population-2010-2019-states-code.csv,us-population-2010-2019-states-code.csv,10301890,us-population-2010-2019-states-code.csv,us-population-2010-2019-states-code.csv,us-population-2010-2019-states-code.csv,us-population-2010-2019-states-code.csv,us-population-2010-2019-states-code.csv,us-population-2010-2019-states-code.csv,True
Hawaii,15,2016,True,us-population-2010-2019-states-code.csv,HI,us-population-2010-2019-states-code.csv,us-population-2010-2019-states-code.csv,us-population-2010-2019-states-code.csv,1427559,us-population-2010-2019-states-code.csv,us-population-2010-2019-states-code.csv,us-population-2010-2019-states-code.csv,us-population-2010-2019-states-code.csv,us-population-2010-2019-states-code.csv,us-population-2010-2019-states-code.csv,True
Idaho,16,2016,True,us-population-2010-2019-states-code.csv,ID,us-population-2010-2019-states-code.csv,us-population-2010-2019-states-code.csv,us-population-2010-2019-states-code.csv,1682380,us-population-2010-2019-states-code.csv,us-population-2010-2019-states-code.csv,us-population-2010-2019-states-code.csv,us-population-2010-2019-states-code.csv,us-population-2010-2019-states-code.csv,us-population-2010-2019-states-code.csv,True
Illinois,17,2016,True,us-population-2010-2019-states-code.csv,IL,us-population-2010-2019-states-code.csv,us-population-2010-2019-states-code.csv,us-population-2010-2019-states-code.csv,12820527,us-population-2010-2019-states-code.csv,us-population-2010-2019-states-code.csv,us-population-2010-2019-states-code.csv,us-population-2010-2019-states-code.csv,us-population-2010-2019-states-code.csv,us-population-2010-2019-states-code.csv,True
Indiana,18,2016,True,us-population-2010-2019-states-code.csv,IN,us-population-2010-2019-states-code.csv,us-population-2010-2019-states-code.csv,us-population-2010-2019-states-code.csv,6634304,us-population-2010-2019-states-code.csv,us-population-2010-2019-states-code.csv,us-population-2010-2019-states-code.csv,us-population-2010-2019-states-code.csv,us-population-2010-2019-states-code.csv,us-population-2010-2019-states-code.csv,True
Iowa,19,2016,True,us-population-2010-2019-states-code.csv,IA,us-population-2010-2019-states-code.csv,us-population-2010-2019-states-code.csv,us-population-2010-2019-states-code.csv,3131371,us-population-2010-2019-states-code.csv,us-population-2010-2019-states-code.csv,us-population-2010-2019-states-code.csv,us-population-2010-2019-states-code.csv,us-population-2010-2019-states-code.csv,us-population-2010-2019-states-code.csv,True
Kansas,20,2016,True,us-population-2010-2019-states-code.csv,KS,us-population-2010-2019-states-code.csv,us-population-2010-2019-states-code.csv,us-population-2010-2019-states-code.csv,2910844,us-population-2010-2019-states-code.csv,us-population-2010-2019-states-code.csv,us-population-2010-2019-states-code.csv,us-population-2010-2019-states-code.csv,us-population-2010-2019-states-code.csv,us-population-2010-2019-states-code.csv,True
Kentucky,21,2016,True,us-population-2010-2019-states-code.csv,KY,us-population-2010-2019-states-code.csv,us-population-2010-2019-states-code.csv,us-population-2010-2019-states-code.csv,4438182,us-population-2010-2019-states-code.csv,us-population-2010-2019-states-code.csv,us-population-2010-2019-states-code.csv,us-population-2010-2019-states-code.csv,us-population-2010-2019-states-code.csv,us-population-2010-2019-states-code.csv,True
Louisiana,22,2016,True,us-population-2010-2019-states-code.csv,LA,us-population-2010-2019-states-code.csv,us-population-2010-2019-states-code.csv,us-population-2010-2019-states-code.csv,4678135,us-population-2010-2019-states-code.csv,us-population-2010-2019-states-code.csv,us-population-2010-2019-states-code.csv,us-population-2010-2019-states-code.csv,us-population-2010-2019-states-code.csv,us-population-2010-2019-states-code.csv,True
Maine,23,2016,True,us-population-2010-2019-states-code.csv,ME,us-population-2010-2019-states-code.csv,us-population-2010-2019-states-code.csv,us-population-2010-2019-states-code.csv,1331317,us-population-2010-2019-states-code.csv,us-population-2010-2019-states-code.csv,us-population-2010-2019-states-code.csv,us-population-2010-2019-states-code.csv,us-population-2010-2019-states-code.csv,us-population-2010-2019-states-code.csv,True
Maryland,24,2016,True,us-population-2010-2019-states-code.csv,MD,us-population-2010-2019-states-code.csv,us-population-2010-2019-states-code.csv,us-population-2010-2019-states-code.csv,6003323,us-population-2010-2019-states-code.csv,us-population-2010-2019-states-code.csv,us-population-2010-2019-states-code.csv,us-population-2010-2019-states-code.csv,us-population-2010-2019-states-code.csv,us-population-2010-2019-states-code.csv,True
Massachusetts,25,2016,True,us-population-2010-2019-states-code.csv,MA,us-population-2010-2019-states-code.csv,us-population-2010-2019-states-code.csv,us-population-2010-2019-states-code.csv,6823608,us-population-2010-2019-states-code.csv,us-population-2010-2019-states-code.csv,us-population-2010-2019-states-code.csv,us-population-2010-2019-states-code.csv,us-population-2010-2019-states-code.csv,us-population-2010-2019-states-code.csv,True
Michigan,26,2016,True,us-population-2010-2019-states-code.csv,MI,us-population-2010-2019-states-code.csv,us-population-2010-2019-states-code.csv,us-population-2010-2019-states-code.csv,9950571,us-population-2010-2019-states-code.csv,us-population-2010-2019-states-code.csv,us-population-2010-2019-states-code.csv,us-population-2010-2019-states-code.csv,us-population-2010-2019-states-code.csv,us-population-2010-2019-states-code.csv,True
Minnesota,27,2016,True,us-population-2010-2019-states-code.csv,MN,us-population-2010-2019-states-code.csv,us-population-2010-2019-states-code.csv,us-population-2010-2019-states-code.csv,5522744,us-population-2010-2019-states-code.csv,us-population-2010-2019-states-code.csv,us-population-2010-2019-states-code.csv,us-population-2010-2019-states-code.csv,us-population-2010-2019-states-code.csv,us-population-2010-2019-states-code.csv,True
Mississippi,28,2016,True,us-population-2010-2019-states-code.csv,MS,us-population-2010-2019-states-code.csv,us-population-2010-2019-states-code.csv,us-population-2010-2019-states-code.csv,2987938,us-population-2010-2019-states-code.csv,us-population-2010-2019-states-code.csv,us-population-2010-2019-states-code.csv,us-population-2010-2019-states-code.csv,us-population-2010-2019-states-code.csv,us-population-2010-2019-states-code.csv,True
Missouri,29,2016,True,us-population-2010-2019-states-code.csv,MO,us-population-2010-2019-states-code.csv,us-population-2010-2019-states-code.csv,us-population-2010-2019-states-code.csv,6087135,us-population-2010-2019-states-code.csv,us-population-2010-2019-states-code.csv,us-population-2010-2019-states-code.csv,us-population-2010-2019-states-code.csv,us-population-2010-2019-states-code.csv,us-population-2010-2019-states-code.csv,True
Montana,30,2016,True,us-population-2010-2019-states-code.csv,MT,us-population-2010-2019-states-code.csv,us-population-2010-2019-states-code.csv,us-population-2010-2019-states-code.csv,1040859,us-population-2010-2019-states-code.csv,us-population-2010-2019-states-code.csv,us-population-2010-2019-states-code.csv,us-population-2010-2019-states-code.csv,us-population-2010-2019-states-code.csv,us-population-2010-2019-states-code.csv,True
Nebraska,31,2016,True,us-population-2010-2019-states-code.csv,NE,us-population-2010-2019-states-code.csv,us-population-2010-2019-states-code.csv,us-population-2010-2019-states-code.csv,1905616,us-population-2010-2019-states-code.csv,us-population-2010-2019-states-code.csv,us-population-2010-2019-states-code.csv,us-population-2010-2019-states-code.csv,us-population-2010-2019-states-code.csv,us-population-2010-2019-states-code.csv,True
Nevada,32,2016,True,us-population-2010-2019-states-code.csv,NV,us-population-2010-2019-states-code.csv,us-population-2010-2019-states-code.csv,us-population-2010-2019-states-code.csv,2917563,us-population-2010-2019-states-code.csv,us-population-2010-2019-states-code.csv,us-population-2010-2019-states-code.csv,us-population-2010-2019-states-code.csv,us-population-2010-2019-states-code.csv,us-population-2010-2019-states-code.csv,True
New Hampshire,33,2016,True,us-population-2010-2019-states-code.csv,NH,us-population-2010-2019-states-code.csv,us-population-2010-2019-states-code.csv,us-population-2010-2019-states-code.csv,1342307,us-population-2010-2019-states-code.csv,us-population-2010-2019-states-code.csv,us-population-2010-2019-states-code.csv,us-population-2010-2019-states-code.csv,us-population-2010-2019-states-code.csv,us-population-2010-2019-states-code.csv,True
New Jersey,34,2016,True,us-population-2010-2019-states-code.csv,NJ,us-population-2010-2019-states-code.csv,us-population-2010-2019-states-code.csv,us-population-2010-2019-states-code.csv,8870827,us-population-2010-2019-states-code.csv,us-population-2010-2019-states-code.csv,us-population-2010-2019-states-code.csv,us-population-2010-2019-states-code.csv,us-population-2010-2019-states-code.csv,us-population-2010-2019-states-code.csv,True
New Mexico,35,2016,True,us-population-2010-2019-states-code.csv,NM,us-population-2010-2019-states-code.csv,us-population-2010-2019-states-code.csv,us-population-2010-2019-states-code.csv,2091630,us-population-2010-2019-states-code.csv,us-population-2010-2019-states-code.csv,us-population-2010-2019-states-code.csv,us-population-2010-2019-states-code.csv,us-population-2010-2019-states-code.csv,us-population-2010-2019-states-code.csv,True
New York,36,2016,True,us-population-2010-2019-states-code.csv,NY,us-population-2010-2019-states-code.csv,us-population-2010-2019-states-code.csv,us-population-2010-2019-states-code.csv,19633428,us-population-2010-2019-states-code.csv,us-population-2010-2019-states-code.csv,us-population-2010-2019-states-code.csv,us-population-2010-2019-states-code.csv,us-population-2010-2019-states-code.csv,us-population-2010-2019-states-code.csv,True
North Carolina,37,2016,True,us-population-2010-2019-states-code.csv,NC,us-population-2010-2019-states-code.csv,us-population-2010-2019-states-code.csv,us-population-2010-2019-states-code.csv,10154788,us-population-2010-2019-states-code.csv,us-population-2010-2019-states-code.csv,us-population-2010-2019-states-code.csv,us-population-2010-2019-states-code.csv,us-population-2010-2019-states-code.csv,us-population-2010-2019-states-code.csv,True
North Dakota,38,2016,True,us-population-2010-2019-states-code.csv,ND,us-population-2010-2019-states-code.csv,us-population-2010-2019-states-code.csv,us-population-2010-2019-states-code.csv,754434,us-population-2010-2019-states-code.csv,us-population-2010-2019-states-code.csv,us-population-2010-2019-states-code.csv,us-population-2010-2019-states-code.csv,us-population-2010-2019-states-code.csv,us-population-2010-2019-states-code.csv,True
Ohio,39,2016,True,us-population-2010-2019-states-code.csv,OH,us-population-2010-2019-states-code.csv,us-population-2010-2019-states-code.csv,us-population-2010-2019-states-code.csv,11634370,us-population-2010-2019-states-code.csv,us-population-2010-2019-states-code.csv,us-population-2010-2019-states-code.csv,us-population-2010-2019-states-code.csv,us-population-2010-2019-states-code.csv,us-population-2010-2019-states-code.csv,True
Oklahoma,40,2016,True,us-population-2010-2019-states-code.csv,OK,us-population-2010-2019-states-code.csv,us-population-2010-2019-states-code.csv,us-population-2010-2019-states-code.csv,3926331,us-population-2010-2019-states-code.csv,us-population-2010-2019-states-code.csv,us-population-2010-2019-states-code.csv,us-population-2010-2019-states-code.csv,us-population-2010-2019-states-code.csv,us-population-2010-2019-states-code.csv,True
Oregon,41,2016,True,us-population-2010-2019-states-code.csv,OR,us-population-2010-2019-states-code.csv,us-population-2010-2019-states-code.csv,us-population-2010-2019-states-code.csv,4089976,us-population-2010-2019-states-code.csv,us-population-2010-2019-states-code.csv,us-population-2010-2019-states-code.csv,us-population-2010-2019-states-code.csv,us-population-2010-2019-states-code.csv,us-population-2010-2019-states-code.csv,True
Pennsylvania,42,2016,True,us-population-2010-2019-states-code.csv,PA,us-population-2010-2019-states-code.csv,us-population-2010-2019-states-code.csv,us-population-2010-2019-states-code.csv,12782275,us-population-2010-2019-states-code.csv,us-population-2010-2019-states-code.csv,us-population-2010-2019-states-code.csv,us-population-2010-2019-states-code.csv,us-population-2010-2019-states-code.csv,us-population-2010-2019-states-code.csv,True
Puerto Rico,72,2016,True,us-population-2010-2019-states-code.csv,PR,us-population-2010-2019-states-code.csv,us-population-2010-2019-states-code.csv,us-population-2010-2019-states-code.csv,3406672,us-population-2010-2019-states-code.csv,us-population-2010-2019-states-code.csv,us-population-2010-2019-states-code.csv,us-population-2010-2019-states-code.csv,us-population-2010-2019-states-code.csv,us-population-2010-2019-states-code.csv,True
Rhode Island,44,2016,True,us-population-2010-2019-states-code.csv,RI,us-population-2010-2019-states-code.csv,us-population-2010-2019-states-code.csv,us-population-2010-2019-states-code.csv,1056770,us-population-2010-2019-states-code.csv,us-population-2010-2019-states-code.csv,us-population-2010-2019-states-code.csv,us-population-2010-2019-states-code.csv,us-population-2010-2019-states-code.csv,us-population-2010-2019-states-code.csv,True
South Carolina,45,2016,True,us-population-2010-2019-states-code.csv,SC,us-population-2010-2019-states-code.csv,us-population-2010-2019-states-code.csv,us-population-2010-2019-states-code.csv,4957968,us-population-2010-2019-states-code.csv,us-population-2010-2019-states-code.csv,us-population-2010-2019-states-code.csv,us-population-2010-2019-states-code.csv,us-population-2010-2019-states-code.csv,us-population-2010-2019-states-code.csv,True
South Dakota,46,2016,True,us-population-2010-2019-states-code.csv,SD,us-population-2010-2019-states-code.csv,us-population-2010-2019-states-code.csv,us-population-2010-2019-states-code.csv,862996,us-population-2010-2019-states-code.csv,us-population-2010-2019-states-code.csv,us-population-2010-2019-states-code.csv,us-population-2010-2019-states-code.csv,us-population-2010-2019-states-code.csv,us-population-2010-2019-states-code.csv,True
Tennessee,47,2016,True,us-population-2010-2019-states-code.csv,TN,us-population-2010-2019-states-code.csv,us-population-2010-2019-states-code.csv,us-population-2010-2019-states-code.csv,6646010,us-population-2010-2019-states-code.csv,us-population-2010-2019-states-code.csv,us-population-2010-2019-states-code.csv,us-population-2010-2019-states-code.csv,us-population-2010-2019-states-code.csv,us-population-2010-2019-states-code.csv,True
Texas,48,2016,True,us-population-2010-2019-states-code.csv,TX,us-population-2010-2019-states-code.csv,us-population-2010-2019-states-code.csv,us-population-2010-2019-states-code.csv,27914410,us-population-2010-2019-states-code.csv,us-population-2010-2019-states-code.csv,us-population-2010-2019-states-code.csv,us-population-2010-2019-states-code.csv,us-population-2010-2019-states-code.csv,us-population-2010-2019-states-code.csv,True
Utah,49,2016,True,us-population-2010-2019-states-code.csv,UT,us-population-2010-2019-states-code.csv,us-population-2010-2019-states-code.csv,us-population-2010-2019-states-code.csv,3041868,us-population-2010-2019-states-code.csv,us-population-2010-2019-states-code.csv,us-population-2010-2019-states-code.csv,us-population-2010-2019-states-code.csv,us-population-2010-2019-states-code.csv,us-population-2010-2019-states-code.csv,True
Vermont,50,2016,True,us-population-2010-2019-states-code.csv,VT,us-population-2010-2019-states-code.csv,us-population-2010-2019-states-code.csv,us-population-2010-2019-states-code.csv,623657,us-population-2010-2019-states-code.csv,us-population-2010-2019-states-code.csv,us-population-2010-2019-states-code.csv,us-population-2010-2019-states-code.csv,us-population-2010-2019-states-code.csv,us-population-2010-2019-states-code.csv,True
Virginia,51,2016,True,us-population-2010-2019-states-code.csv,VA,us-population-2010-2019-states-code.csv,us-population-2010-2019-states-code.csv,us-population-2010-2019-states-code.csv,8410106,us-population-2010-2019-states-code.csv,us-population-2010-2019-states-code.csv,us-population-2010-2019-states-code.csv,us-population-2010-2019-states-code.csv,us-population-2010-2019-states-code.csv,us-population-2010-2019-states-code.csv,True
Washington,53,2016,True,us-population-2010-2019-states-code.csv,WA,us-population-2010-2019-states-code.csv,us-population-2010-2019-states-code.csv,us-population-2010-2019-states-code.csv,7294771,us-population-2010-2019-states-code.csv,us-population-2010-2019-states-code.csv,us-population-2010-2019-states-code.csv,us-population-2010-2019-states-code.csv,us-population-2010-2019-states-code.csv,us-population-2010-2019-states-code.csv,True
West Virginia,54,2016,True,us-population-2010-2019-states-code.csv,WV,us-population-2010-2019-states-code.csv,us-population-2010-2019-states-code.csv,us-population-2010-2019-states-code.csv,1831023,us-population-2010-2019-states-code.csv,us-population-2010-2019-states-code.csv,us-population-2010-2019-states-code.csv,us-population-2010-2019-states-code.csv,us-population-2010-2019-states-code.csv,us-population-2010-2019-states-code.csv,True
Wisconsin,55,2016,True,us-population-2010-2019-states-code.csv,WI,us-population-2010-2019-states-code.csv,us-population-2010-2019-states-code.csv,us-population-2010-2019-states-code.csv,5772628,us-population-2010-2019-states-code.csv,us-population-2010-2019-states-code.csv,us-population-2010-2019-states-code.csv,us-population-2010-2019-states-code.csv,us-population-2010-2019-states-code.csv,us-population-2010-2019-states-code.csv,True
Wyoming,56,2016,True,us-population-2010-2019-states-code.csv,WY,us-population-2010-2019-states-code.csv,us-population-2010-2019-states-code.csv,us-population-2010-2019-states-code.csv,584215,us-population-2010-2019-states-code.csv,us-population-2010-2019-states-code.csv,us-population-2010-2019-states-code.csv,us-population-2010-2019-states-code.csv,us-population-2010-2019-states-code.csv,us-population-2010-2019-states-code.csv,True
Alabama,1,2017,True,us-population-2010-2019-states-code.csv,AL,us-population-2010-2019-states-code.csv,us-population-2010-2019-states-code.csv,us-population-2010-2019-states-code.csv,4874486,us-population-2010-2019-states-code.csv,us-population-2010-2019-states-code.csv,us-population-2010-2019-states-code.csv,us-population-2010-2019-states-code.csv,us-population-2010-2019-states-code.csv,us-population-2010-2019-states-code.csv,True
Alaska,2,2017,True,us-population-2010-2019-states-code.csv,AK,us-population-2010-2019-states-code.csv,us-population-2010-2019-states-code.csv,us-population-2010-2019-states-code.csv,739700,us-population-2010-2019-states-code.csv,us-population-2010-2019-states-code.csv,us-population-2010-2019-states-code.csv,us-population-2010-2019-states-code.csv,us-population-2010-2019-states-code.csv,us-population-2010-2019-states-code.csv,True
Arizona,4,2017,True,us-population-2010-2019-states-code.csv,AZ,us-population-2010-2019-states-code.csv,us-population-2010-2019-states-code.csv,us-population-2010-2019-states-code.csv,7044008,us-population-2010-2019-states-code.csv,us-population-2010-2019-states-code.csv,us-population-2010-2019-states-code.csv,us-population-2010-2019-states-code.csv,us-population-2010-2019-states-code.csv,us-population-2010-2019-states-code.csv,True
Arkansas,5,2017,True,us-population-2010-2019-states-code.csv,AR,us-population-2010-2019-states-code.csv,us-population-2010-2019-states-code.csv,us-population-2010-2019-states-code.csv,3001345,us-population-2010-2019-states-code.csv,us-population-2010-2019-states-code.csv,us-population-2010-2019-states-code.csv,us-population-2010-2019-states-code.csv,us-population-2010-2019-states-code.csv,us-population-2010-2019-states-code.csv,True
California,6,2017,True,us-population-2010-2019-states-code.csv,CA,us-population-2010-2019-states-code.csv,us-population-2010-2019-states-code.csv,us-population-2010-2019-states-code.csv,39358497,us-population-2010-2019-states-code.csv,us-population-2010-2019-states-code.csv,us-population-2010-2019-states-code.csv,us-population-2010-2019-states-code.csv,us-population-2010-2019-states-code.csv,us-population-2010-2019-states-code.csv,True
Colorado,8,2017,True,us-population-2010-2019-states-code.csv,CO,us-population-2010-2019-states-code.csv,us-population-2010-2019-states-code.csv,us-population-2010-2019-states-code.csv,5611885,us-population-2010-2019-states-code.csv,us-population-2010-2019-states-code.csv,us-population-2010-2019-states-code.csv,us-population-2010-2019-states-code.csv,us-population-2010-2019-states-code.csv,us-population-2010-2019-states-code.csv,True
Connecticut,9,2017,True,us-population-2010-2019-states-code.csv,CT,us-population-2010-2019-states-code.csv,us-population-2010-2019-states-code.csv,us-population-2010-2019-states-code.csv,3573297,us-population-2010-2019-states-code.csv,us-population-2010-2019-states-code.csv,us-population-2010-2019-states-code.csv,us-population-2010-2019-states-code.csv,us-population-2010-2019-states-code.csv,us-population-2010-2019-states-code.csv,True
Delaware,10,2017,True,us-population-2010-2019-states-code.csv,DE,us-population-2010-2019-states-code.csv,us-population-2010-2019-states-code.csv,us-population-2010-2019-states-code.csv,956823,us-population-2010-2019-states-code.csv,us-population-2010-2019-states-code.csv,us-population-2010-2019-states-code.csv,us-population-2010-2019-states-code.csv,us-population-2010-2019-states-code.csv,us-population-2010-2019-states-code.csv,True
District of Columbia,11,2017,True,us-population-2010-2019-states-code.csv,DC,us-population-2010-2019-states-code.csv,us-population-2010-2019-states-code.csv,us-population-2010-2019-states-code.csv,694906,us-population-2010-2019-states-code.csv,us-population-2010-2019-states-code.csv,us-population-2010-2019-states-code.csv,us-population-2010-2019-states-code.csv,us-population-2010-2019-states-code.csv,us-population-2010-2019-states-code.csv,True
Florida,12,2017,True,us-population-2010-2019-states-code.csv,FL,us-population-2010-2019-states-code.csv,us-population-2010-2019-states-code.csv,us-population-2010-2019-states-code.csv,20963613,us-population-2010-2019-states-code.csv,us-population-2010-2019-states-code.csv,us-population-2010-2019-states-code.csv,us-population-2010-2019-states-code.csv,us-population-2010-2019-states-code.csv,us-population-2010-2019-states-code.csv,True
Georgia,13,2017,True,us-population-2010-2019-states-code.csv,GA,us-population-2010-2019-states-code.csv,us-population-2010-2019-states-code.csv,us-population-2010-2019-states-code.csv,10410330,us-population-2010-2019-states-code.csv,us-population-2010-2019-states-code.csv,us-population-2010-2019-states-code.csv,us-population-2010-2019-states-code.csv,us-population-2010-2019-states-code.csv,us-population-2010-2019-states-code.csv,True
Hawaii,15,2017,True,us-population-2010-2019-states-code.csv,HI,us-population-2010-2019-states-code.csv,us-population-2010-2019-states-code.csv,us-population-2010-2019-states-code.csv,1424393,us-population-2010-2019-states-code.csv,us-population-2010-2019-states-code.csv,us-population-2010-2019-states-code.csv,us-population-2010-2019-states-code.csv,us-population-2010-2019-states-code.csv,us-population-2010-2019-states-code.csv,True
Idaho,16,2017,True,us-population-2010-2019-states-code.csv,ID,us-population-2010-2019-states-code.csv,us-population-2010-2019-states-code.csv,us-population-2010-2019-states-code.csv,1717715,us-population-2010-2019-states-code.csv,us-population-2010-2019-states-code.csv,us-population-2010-2019-states-code.csv,us-population-2010-2019-states-code.csv,us-population-2010-2019-states-code.csv,us-population-2010-2019-states-code.csv,True
Illinois,17,2017,True,us-population-2010-2019-states-code.csv,IL,us-population-2010-2019-states-code.csv,us-population-2010-2019-states-code.csv,us-population-2010-2019-states-code.csv,12778828,us-population-2010-2019-states-code.csv,us-population-2010-2019-states-code.csv,us-population-2010-2019-states-code.csv,us-population-2010-2019-states-code.csv,us-population-2010-2019-states-code.csv,us-population-2010-2019-states-code.csv,True
Indiana,18,2017,True,us-population-2010-2019-states-code.csv,IN,us-population-2010-2019-states-code.csv,us-population-2010-2019-states-code.csv,us-population-2010-2019-states-code.csv,6658078,us-population-2010-2019-states-code.csv,us-population-2010-2019-states-code.csv,us-population-2010-2019-states-code.csv,us-population-2010-2019-states-code.csv,us-population-2010-2019-states-code.csv,us-population-2010-2019-states-code.csv,True
Iowa,19,2017,True,us-population-2010-2019-states-code.csv,IA,us-population-2010-2019-states-code.csv,us-population-2010-2019-states-code.csv,us-population-2010-2019-states-code.csv,3141550,us-population-2010-2019-states-code.csv,us-population-2010-2019-states-code.csv,us-population-2010-2019-states-code.csv,us-population-2010-2019-states-code.csv,us-population-2010-2019-states-code.csv,us-population-2010-2019-states-code.csv,True
Kansas,20,2017,True,us-population-2010-2019-states-code.csv,KS,us-population-2010-2019-states-code.csv,us-population-2010-2019-states-code.csv,us-population-2010-2019-states-code.csv,2908718,us-population-2010-2019-states-code.csv,us-population-2010-2019-states-code.csv,us-population-2010-2019-states-code.csv,us-population-2010-2019-states-code.csv,us-population-2010-2019-states-code.csv,us-population-2010-2019-states-code.csv,True
Kentucky,21,2017,True,us-population-2010-2019-states-code.csv,KY,us-population-2010-2019-states-code.csv,us-population-2010-2019-states-code.csv,us-population-2010-2019-states-code.csv,4452268,us-population-2010-2019-states-code.csv,us-population-2010-2019-states-code.csv,us-population-2010-2019-states-code.csv,us-population-2010-2019-states-code.csv,us-population-2010-2019-states-code.csv,us-population-2010-2019-states-code.csv,True
Louisiana,22,2017,True,us-population-2010-2019-states-code.csv,LA,us-population-2010-2019-states-code.csv,us-population-2010-2019-states-code.csv,us-population-2010-2019-states-code.csv,4670560,us-population-2010-2019-states-code.csv,us-population-2010-2019-states-code.csv,us-population-2010-2019-states-code.csv,us-population-2010-2019-states-code.csv,us-population-2010-2019-states-code.csv,us-population-2010-2019-states-code.csv,True
Maine,23,2017,True,us-population-2010-2019-states-code.csv,ME,us-population-2010-2019-states-code.csv,us-population-2010-2019-states-code.csv,us-population-2010-2019-states-code.csv,1334612,us-population-2010-2019-states-code.csv,us-population-2010-2019-states-code.csv,us-population-2010-2019-states-code.csv,us-population-2010-2019-states-code.csv,us-population-2010-2019-states-code.csv,us-population-2010-2019-states-code.csv,True
Maryland,24,2017,True,us-population-2010-2019-states-code.csv,MD,us-population-2010-2019-states-code.csv,us-population-2010-2019-states-code.csv,us-population-2010-2019-states-code.csv,6023868,us-population-2010-2019-states-code.csv,us-population-2010-2019-states-code.csv,us-population-2010-2019-states-code.csv,us-population-2010-2019-states-code.csv,us-population-2010-2019-states-code.csv,us-population-2010-2019-states-code.csv,True
Massachusetts,25,2017,True,us-population-2010-2019-states-code.csv,MA,us-population-2010-2019-states-code.csv,us-population-2010-2019-states-code.csv,us-population-2010-2019-states-code.csv,6859789,us-population-2010-2019-states-code.csv,us-population-2010-2019-states-code.csv,us-population-2010-2019-states-code.csv,us-population-2010-2019-states-code.csv,us-population-2010-2019-states-code.csv,us-population-2010-2019-states-code.csv,True
Michigan,26,2017,True,us-population-2010-2019-states-code.csv,MI,us-population-2010-2019-states-code.csv,us-population-2010-2019-states-code.csv,us-population-2010-2019-states-code.csv,9973114,us-population-2010-2019-states-code.csv,us-population-2010-2019-states-code.csv,us-population-2010-2019-states-code.csv,us-population-2010-2019-states-code.csv,us-population-2010-2019-states-code.csv,us-population-2010-2019-states-code.csv,True
Minnesota,27,2017,True,us-population-2010-2019-states-code.csv,MN,us-population-2010-2019-states-code.csv,us-population-2010-2019-states-code.csv,us-population-2010-2019-states-code.csv,5566230,us-population-2010-2019-states-code.csv,us-population-2010-2019-states-code.csv,us-population-2010-2019-states-code.csv,us-population-2010-2019-states-code.csv,us-population-2010-2019-states-code.csv,us-population-2010-2019-states-code.csv,True
Mississippi,28,2017,True,us-population-2010-2019-states-code.csv,MS,us-population-2010-2019-states-code.csv,us-population-2010-2019-states-code.csv,us-population-2010-2019-states-code.csv,2988510,us-population-2010-2019-states-code.csv,us-population-2010-2019-states-code.csv,us-population-2010-2019-states-code.csv,us-population-2010-2019-states-code.csv,us-population-2010-2019-states-code.csv,us-population-2010-2019-states-code.csv,True
Missouri,29,2017,True,us-population-2010-2019-states-code.csv,MO,us-population-2010-2019-states-code.csv,us-population-2010-2019-states-code.csv,us-population-2010-2019-states-code.csv,6106670,us-population-2010-2019-states-code.csv,us-population-2010-2019-states-code.csv,us-population-2010-2019-states-code.csv,us-population-2010-2019-states-code.csv,us-population-2010-2019-states-code.csv,us-population-2010-2019-states-code.csv,True
Montana,30,2017,True,us-population-2010-2019-states-code.csv,MT,us-population-2010-2019-states-code.csv,us-population-2010-2019-states-code.csv,us-population-2010-2019-states-code.csv,1052482,us-population-2010-2019-states-code.csv,us-population-2010-2019-states-code.csv,us-population-2010-2019-states-code.csv,us-population-2010-2019-states-code.csv,us-population-2010-2019-states-code.csv,us-population-2010-2019-states-code.csv,True
Nebraska,31,2017,True,us-population-2010-2019-states-code.csv,NE,us-population-2010-2019-states-code.csv,us-population-2010-2019-states-code.csv,us-population-2010-2019-states-code.csv,1915947,us-population-2010-2019-states-code.csv,us-population-2010-2019-states-code.csv,us-population-2010-2019-states-code.csv,us-population-2010-2019-states-code.csv,us-population-2010-2019-states-code.csv,us-population-2010-2019-states-code.csv,True
Nevada,32,2017,True,us-population-2010-2019-states-code.csv,NV,us-population-2010-2019-states-code.csv,us-population-2010-2019-states-code.csv,us-population-2010-2019-states-code.csv,2969905,us-population-2010-2019-states-code.csv,us-population-2010-2019-states-code.csv,us-population-2010-2019-states-code.csv,us-population-2010-2019-states-code.csv,us-population-2010-2019-states-code.csv,us-population-2010-2019-states-code.csv,True
New Hampshire,33,2017,True,us-population-2010-2019-states-code.csv,NH,us-population-2010-2019-states-code.csv,us-population-2010-2019-states-code.csv,us-population-2010-2019-states-code.csv,1348787,us-population-2010-2019-states-code.csv,us-population-2010-2019-states-code.csv,us-population-2010-2019-states-code.csv,us-population-2010-2019-states-code.csv,us-population-2010-2019-states-code.csv,us-population-2010-2019-states-code.csv,True
New Jersey,34,2017,True,us-population-2010-2019-states-code.csv,NJ,us-population-2010-2019-states-code.csv,us-population-2010-2019-states-code.csv,us-population-2010-2019-states-code.csv,8885525,us-population-2010-2019-states-code.csv,us-population-2010-2019-states-code.csv,us-population-2010-2019-states-code.csv,us-population-2010-2019-states-code.csv,us-population-2010-2019-states-code.csv,us-population-2010-2019-states-code.csv,True
New Mexico,35,2017,True,us-population-2010-2019-states-code.csv,NM,us-population-2010-2019-states-code.csv,us-population-2010-2019-states-code.csv,us-population-2010-2019-states-code.csv,2091784,us-population-2010-2019-states-code.csv,us-population-2010-2019-states-code.csv,us-population-2010-2019-states-code.csv,us-population-2010-2019-states-code.csv,us-population-2010-2019-states-code.csv,us-population-2010-2019-states-code.csv,True
New York,36,2017,True,us-population-2010-2019-states-code.csv,NY,us-population-2010-2019-states-code.csv,us-population-2010-2019-states-code.csv,us-population-2010-2019-states-code.csv,19589572,us-population-2010-2019-states-code.csv,us-population-2010-2019-states-code.csv,us-population-2010-2019-states-code.csv,us-population-2010-2019-states-code.csv,us-population-2010-2019-states-code.csv,us-population-2010-2019-states-code.csv,True
North Carolina,37,2017,True,us-population-2010-2019-states-code.csv,NC,us-population-2010-2019-states-code.csv,us-population-2010-2019-states-code.csv,us-population-2010-2019-states-code.csv,10268233,us-population-2010-2019-states-code.csv,us-population-2010-2019-states-code.csv,us-population-2010-2019-states-code.csv,us-population-2010-2019-states-code.csv,us-population-2010-2019-states-code.csv,us-population-2010-2019-states-code.csv,True
North Dakota,38,2017,True,us-population-2010-2019-states-code.csv,ND,us-population-2010-2019-states-code.csv,us-population-2010-2019-states-code.csv,us-population-2010-2019-states-code.csv,754942,us-population-2010-2019-states-code.csv,us-population-2010-2019-states-code.csv,us-population-2010-2019-states-code.csv,us-population-2010-2019-states-code.csv,us-population-2010-2019-states-code.csv,us-population-2010-2019-states-code.csv,True
Ohio,39,2017,True,us-population-2010-2019-states-code.csv,OH,us-population-2010-2019-states-code.csv,us-population-2010-2019-states-code.csv,us-population-2010-2019-states-code.csv,11659650,us-population-2010-2019-states-code.csv,us-population-2010-2019-states-code.csv,us-population-2010-2019-states-code.csv,us-population-2010-2019-states-code.csv,us-population-2010-2019-states-code.csv,us-population-2010-2019-states-code.csv,True
Oklahoma,40,2017,True,us-population-2010-2019-states-code.csv,OK,us-population-2010-2019-states-code.csv,us-population-2010-2019-states-code.csv,us-population-2010-2019-states-code.csv,3931316,us-population-2010-2019-states-code.csv,us-population-2010-2019-states-code.csv,us-population-2010-2019-states-code.csv,us-population-2010-2019-states-code.csv,us-population-2010-2019-states-code.csv,us-population-2010-2019-states-code.csv,True
Oregon,41,2017,True,us-population-2010-2019-states-code.csv,OR,us-population-2010-2019-states-code.csv,us-population-2010-2019-states-code.csv,us-population-2010-2019-states-code.csv,4143625,us-population-2010-2019-states-code.csv,us-population-2010-2019-states-code.csv,us-population-2010-2019-states-code.csv,us-population-2010-2019-states-code.csv,us-population-2010-2019-states-code.csv,us-population-2010-2019-states-code.csv,True
Pennsylvania,42,2017,True,us-population-2010-2019-states-code.csv,PA,us-population-2010-2019-states-code.csv,us-population-2010-2019-states-code.csv,us-population-2010-2019-states-code.csv,12787641,us-population-2010-2019-states-code.csv,us-population-2010-2019-states-code.csv,us-population-2010-2019-states-code.csv,us-population-2010-2019-states-code.csv,us-population-2010-2019-states-code.csv,us-population-2010-2019-states-code.csv,True
Puerto Rico,72,2017,True,us-population-2010-2019-states-code.csv,PR,us-population-2010-2019-states-code.csv,us-population-2010-2019-states-code.csv,us-population-2010-2019-states-code.csv,3325286,us-population-2010-2019-states-code.csv,us-population-2010-2019-states-code.csv,us-population-2010-2019-states-code.csv,us-population-2010-2019-states-code.csv,us-population-2010-2019-states-code.csv,us-population-2010-2019-states-code.csv,True
Rhode Island,44,2017,True,us-population-2010-2019-states-code.csv,RI,us-population-2010-2019-states-code.csv,us-population-2010-2019-states-code.csv,us-population-2010-2019-states-code.csv,1055673,us-population-2010-2019-states-code.csv,us-population-2010-2019-states-code.csv,us-population-2010-2019-states-code.csv,us-population-2010-2019-states-code.csv,us-population-2010-2019-states-code.csv,us-population-2010-2019-states-code.csv,True
South Carolina,45,2017,True,us-population-2010-2019-states-code.csv,SC,us-population-2010-2019-states-code.csv,us-population-2010-2019-states-code.csv,us-population-2010-2019-states-code.csv,5021268,us-population-2010-2019-states-code.csv,us-population-2010-2019-states-code.csv,us-population-2010-2019-states-code.csv,us-population-2010-2019-states-code.csv,us-population-2010-2019-states-code.csv,us-population-2010-2019-states-code.csv,True
South Dakota,46,2017,True,us-population-2010-2019-states-code.csv,SD,us-population-2010-2019-states-code.csv,us-population-2010-2019-states-code.csv,us-population-2010-2019-states-code.csv,872868,us-population-2010-2019-states-code.csv,us-population-2010-2019-states-code.csv,us-population-2010-2019-states-code.csv,us-population-2010-2019-states-code.csv,us-population-2010-2019-states-code.csv,us-population-2010-2019-states-code.csv,True
Tennessee,47,2017,True,us-population-2010-2019-states-code.csv,TN,us-population-2010-2019-states-code.csv,us-population-2010-2019-states-code.csv,us-population-2010-2019-states-code.csv,6708799,us-population-2010-2019-states-code.csv,us-population-2010-2019-states-code.csv,us-population-2010-2019-states-code.csv,us-population-2010-2019-states-code.csv,us-population-2010-2019-states-code.csv,us-population-2010-2019-states-code.csv,True
Texas,48,2017,True,us-population-2010-2019-states-code.csv,TX,us-population-2010-2019-states-code.csv,us-population-2010-2019-states-code.csv,us-population-2010-2019-states-code.csv,28295273,us-population-2010-2019-states-code.csv,us-population-2010-2019-states-code.csv,us-population-2010-2019-states-code.csv,us-population-2010-2019-states-code.csv,us-population-2010-2019-states-code.csv,us-population-2010-2019-states-code.csv,True
Utah,49,2017,True,us-population-2010-2019-states-code.csv,UT,us-population-2010-2019-states-code.csv,us-population-2010-2019-states-code.csv,us-population-2010-2019-states-code.csv,3101042,us-population-2010-2019-states-code.csv,us-population-2010-2019-states-code.csv,us-population-2010-2019-states-code.csv,us-population-2010-2019-states-code.csv,us-population-2010-2019-states-code.csv,us-population-2010-2019-states-code.csv,True
Vermont,50,2017,True,us-population-2010-2019-states-code.csv,VT,us-population-2010-2019-states-code.csv,us-population-2010-2019-states-code.csv,us-population-2010-2019-states-code.csv,624344,us-population-2010-2019-states-code.csv,us-population-2010-2019-states-code.csv,us-population-2010-2019-states-code.csv,us-population-2010-2019-states-code.csv,us-population-2010-2019-states-code.csv,us-population-2010-2019-states-code.csv,True
Virginia,51,2017,True,us-population-2010-2019-states-code.csv,VA,us-population-2010-2019-states-code.csv,us-population-2010-2019-states-code.csv,us-population-2010-2019-states-code.csv,8463587,us-population-2010-2019-states-code.csv,us-population-2010-2019-states-code.csv,us-population-2010-2019-states-code.csv,us-population-2010-2019-states-code.csv,us-population-2010-2019-states-code.csv,us-population-2010-2019-states-code.csv,True
Washington,53,2017,True,us-population-2010-2019-states-code.csv,WA,us-population-2010-2019-states-code.csv,us-population-2010-2019-states-code.csv,us-population-2010-2019-states-code.csv,7423362,us-population-2010-2019-states-code.csv,us-population-2010-2019-states-code.csv,us-population-2010-2019-states-code.csv,us-population-2010-2019-states-code.csv,us-population-2010-2019-states-code.csv,us-population-2010-2019-states-code.csv,True
West Virginia,54,2017,True,us-population-2010-2019-states-code.csv,WV,us-population-2010-2019-states-code.csv,us-population-2010-2019-states-code.csv,us-population-2010-2019-states-code.csv,1817004,us-population-2010-2019-states-code.csv,us-population-2010-2019-states-code.csv,us-population-2010-2019-states-code.csv,us-population-2010-2019-states-code.csv,us-population-2010-2019-states-code.csv,us-population-2010-2019-states-code.csv,True
Wisconsin,55,2017,True,us-population-2010-2019-states-code.csv,WI,us-population-2010-2019-states-code.csv,us-population-2010-2019-states-code.csv,us-population-2010-2019-states-code.csv,5790186,us-population-2010-2019-states-code.csv,us-population-2010-2019-states-code.csv,us-population-2010-2019-states-code.csv,us-population-2010-2019-states-code.csv,us-population-2010-2019-states-code.csv,us-population-2010-2019-states-code.csv,True
Wyoming,56,2017,True,us-population-2010-2019-states-code.csv,WY,us-population-2010-2019-states-code.csv,us-population-2010-2019-states-code.csv,us-population-2010-2019-states-code.csv,578931,us-population-2010-2019-states-code.csv,us-population-2010-2019-states-code.csv,us-population-2010-2019-states-code.csv,us-population-2010-2019-states-code.csv,us-population-2010-2019-states-code.csv,us-population-2010-2019-states-code.csv,True
Alabama,1,2018,True,us-population-2010-2019-states-code.csv,AL,us-population-2010-2019-states-code.csv,us-population-2010-2019-states-code.csv,us-population-2010-2019-states-code.csv,4887681,us-population-2010-2019-states-code.csv,us-population-2010-2019-states-code.csv,us-population-2010-2019-states-code.csv,us-population-2010-2019-states-code.csv,us-population-2010-2019-states-code.csv,us-population-2010-2019-states-code.csv,True
Alaska,2,2018,True,us-population-2010-2019-states-code.csv,AK,us-population-2010-2019-states-code.csv,us-population-2010-2019-states-code.csv,us-population-2010-2019-states-code.csv,735139,us-population-2010-2019-states-code.csv,us-population-2010-2019-states-code.csv,us-population-2010-2019-states-code.csv,us-population-2010-2019-states-code.csv,us-population-2010-2019-states-code.csv,us-population-2010-2019-states-code.csv,True
Arizona,4,2018,True,us-population-2010-2019-states-code.csv,AZ,us-population-2010-2019-states-code.csv,us-population-2010-2019-states-code.csv,us-population-2010-2019-states-code.csv,7158024,us-population-2010-2019-states-code.csv,us-population-2010-2019-states-code.csv,us-population-2010-2019-states-code.csv,us-population-2010-2019-states-code.csv,us-population-2010-2019-states-code.csv,us-population-2010-2019-states-code.csv,True
Arkansas,5,2018,True,us-population-2010-2019-states-code.csv,AR,us-population-2010-2019-states-code.csv,us-population-2010-2019-states-code.csv,us-population-2010-2019-states-code.csv,3009733,us-population-2010-2019-states-code.csv,us-population-2010-2019-states-code.csv,us-population-2010-2019-states-code.csv,us-population-2010-2019-states-code.csv,us-population-2010-2019-states-code.csv,us-population-2010-2019-states-code.csv,True
California,6,2018,True,us-population-2010-2019-states-code.csv,CA,us-population-2010-2019-states-code.csv,us-population-2010-2019-states-code.csv,us-population-2010-2019-states-code.csv,39461588,us-population-2010-2019-states-code.csv,us-population-2010-2019-states-code.csv,us-population-2010-2019-states-code.csv,us-population-2010-2019-states-code.csv,us-population-2010-2019-states-code.csv,us-population-2010-2019-states-code.csv,True
Colorado,8,2018,True,us-population-2010-2019-states-code.csv,CO,us-population-2010-2019-states-code.csv,us-population-2010-2019-states-code.csv,us-population-2010-2019-states-code.csv,5691287,us-population-2010-2019-states-code.csv,us-population-2010-2019-states-code.csv,us-population-2010-2019-states-code.csv,us-population-2010-2019-states-code.csv,us-population-2010-2019-states-code.csv,us-population-2010-2019-states-code.csv,True
Connecticut,9,2018,True,us-population-2010-2019-states-code.csv,CT,us-population-2010-2019-states-code.csv,us-population-2010-2019-states-code.csv,us-population-2010-2019-states-code.csv,3571520,us-population-2010-2019-states-code.csv,us-population-2010-2019-states-code.csv,us-population-2010-2019-states-code.csv,us-population-2010-2019-states-code.csv,us-population-2010-2019-states-code.csv,us-population-2010-2019-states-code.csv,True
Delaware,10,2018,True,us-population-2010-2019-states-code.csv,DE,us-population-2010-2019-states-code.csv,us-population-2010-2019-states-code.csv,us-population-2010-2019-states-code.csv,965479,us-population-2010-2019-states-code.csv,us-population-2010-2019-states-code.csv,us-population-2010-2019-states-code.csv,us-population-2010-2019-states-code.csv,us-population-2010-2019-states-code.csv,us-population-2010-2019-states-code.csv,True
District of Columbia,11,2018,True,us-population-2010-2019-states-code.csv,DC,us-population-2010-2019-states-code.csv,us-population-2010-2019-states-code.csv,us-population-2010-2019-states-code.csv,701547,us-population-2010-2019-states-code.csv,us-population-2010-2019-states-code.csv,us-population-2010-2019-states-code.csv,us-population-2010-2019-states-code.csv,us-population-2010-2019-states-code.csv,us-population-2010-2019-states-code.csv,True
Florida,12,2018,True,us-population-2010-2019-states-code.csv,FL,us-population-2010-2019-states-code.csv,us-population-2010-2019-states-code.csv,us-population-2010-2019-states-code.csv,21244317,us-population-2010-2019-states-code.csv,us-population-2010-2019-states-code.csv,us-population-2010-2019-states-code.csv,us-population-2010-2019-states-code.csv,us-population-2010-2019-states-code.csv,us-population-2010-2019-states-code.csv,True
Georgia,13,2018,True,us-population-2010-2019-states-code.csv,GA,us-population-2010-2019-states-code.csv,us-population-2010-2019-states-code.csv,us-population-2010-2019-states-code.csv,10511131,us-population-2010-2019-states-code.csv,us-population-2010-2019-states-code.csv,us-population-2010-2019-states-code.csv,us-population-2010-2019-states-code.csv,us-population-2010-2019-states-code.csv,us-population-2010-2019-states-code.csv,True
Hawaii,15,2018,True,us-population-2010-2019-states-code.csv,HI,us-population-2010-2019-states-code.csv,us-population-2010-2019-states-code.csv,us-population-2010-2019-states-code.csv,1420593,us-population-2010-2019-states-code.csv,us-population-2010-2019-states-code.csv,us-population-2010-2019-states-code.csv,us-population-2010-2019-states-code.csv,us-population-2010-2019-states-code.csv,us-population-2010-2019-states-code.csv,True
Idaho,16,2018,True,us-population-2010-2019-states-code.csv,ID,us-population-2010-2019-states-code.csv,us-population-2010-2019-states-code.csv,us-population-2010-2019-states-code.csv,1750536,us-population-2010-2019-states-code.csv,us-population-2010-2019-states-code.csv,us-population-2010-2019-states-code.csv,us-population-2010-2019-states-code.csv,us-population-2010-2019-states-code.csv,us-population-2010-2019-states-code.csv,True
Illinois,17,2018,True,us-population-2010-2019-states-code.csv,IL,us-population-2010-2019-states-code.csv,us-population-2010-2019-states-code.csv,us-population-2010-2019-states-code.csv,12723071,us-population-2010-2019-states-code.csv,us-population-2010-2019-states-code.csv,us-population-2010-2019-states-code.csv,us-population-2010-2019-states-code.csv,us-population-2010-2019-states-code.csv,us-population-2010-2019-states-code.csv,True
Indiana,18,2018,True,us-population-2010-2019-states-code.csv,IN,us-population-2010-2019-states-code.csv,us-population-2010-2019-states-code.csv,us-population-2010-2019-states-code.csv,6695497,us-population-2010-2019-states-code.csv,us-population-2010-2019-states-code.csv,us-population-2010-2019-states-code.csv,us-population-2010-2019-states-code.csv,us-population-2010-2019-states-code.csv,us-population-2010-2019-states-code.csv,True
Iowa,19,2018,True,us-population-2010-2019-states-code.csv,IA,us-population-2010-2019-states-code.csv,us-population-2010-2019-states-code.csv,us-population-2010-2019-states-code.csv,3148618,us-population-2010-2019-states-code.csv,us-population-2010-2019-states-code.csv,us-population-2010-2019-states-code.csv,us-population-2010-2019-states-code.csv,us-population-2010-2019-states-code.csv,us-population-2010-2019-states-code.csv,True
Kansas,20,2018,True,us-population-2010-2019-states-code.csv,KS,us-population-2010-2019-states-code.csv,us-population-2010-2019-states-code.csv,us-population-2010-2019-states-code.csv,2911359,us-population-2010-2019-states-code.csv,us-population-2010-2019-states-code.csv,us-population-2010-2019-states-code.csv,us-population-2010-2019-states-code.csv,us-population-2010-2019-states-code.csv,us-population-2010-2019-states-code.csv,True
Kentucky,21,2018,True,us-population-2010-2019-states-code.csv,KY,us-population-2010-2019-states-code.csv,us-population-2010-2019-states-code.csv,us-population-2010-2019-states-code.csv,4461153,us-population-2010-2019-states-code.csv,us-population-2010-2019-states-code.csv,us-population-2010-2019-states-code.csv,us-population-2010-2019-states-code.csv,us-population-2010-2019-states-code.csv,us-population-2010-2019-states-code.csv,True
Louisiana,22,2018,True,us-population-2010-2019-states-code.csv,LA,us-population-2010-2019-states-code.csv,us-population-2010-2019-states-code.csv,us-population-2010-2019-states-code.csv,4659690,us-population-2010-2019-states-code.csv,us-population-2010-2019-states-code.csv,us-population-2010-2019-states-code.csv,us-population-2010-2019-states-code.csv,us-population-2010-2019-states-code.csv,us-population-2010-2019-states-code.csv,True
Maine,23,2018,True,us-population-2010-2019-states-code.csv,ME,us-population-2010-2019-states-code.csv,us-population-2010-2019-states-code.csv,us-population-2010-2019-states-code.csv,1339057,us-population-2010-2019-states-code.csv,us-population-2010-2019-states-code.csv,us-population-2010-2019-states-code.csv,us-population-2010-2019-states-code.csv,us-population-2010-2019-states-code.csv,us-population-2010-2019-states-code.csv,True
Maryland,24,2018,True,us-population-2010-2019-states-code.csv,MD,us-population-2010-2019-states-code.csv,us-population-2010-2019-states-code.csv,us-population-2010-2019-states-code.csv,6035802,us-population-2010-2019-states-code.csv,us-population-2010-2019-states-code.csv,us-population-2010-2019-states-code.csv,us-population-2010-2019-states-code.csv,us-population-2010-2019-states-code.csv,us-population-2010-2019-states-code.csv,True
Massachusetts,25,2018,True,us-population-2010-2019-states-code.csv,MA,us-population-2010-2019-states-code.csv,us-population-2010-2019-states-code.csv,us-population-2010-2019-states-code.csv,6882635,us-population-2010-2019-states-code.csv,us-population-2010-2019-states-code.csv,us-population-2010-2019-states-code.csv,us-population-2010-2019-states-code.csv,us-population-2010-2019-states-code.csv,us-population-2010-2019-states-code.csv,True
Michigan,26,2018,True,us-population-2010-2019-states-code.csv,MI,us-population-2010-2019-states-code.csv,us-population-2010-2019-states-code.csv,us-population-2010-2019-states-code.csv,9984072,us-population-2010-2019-states-code.csv,us-population-2010-2019-states-code.csv,us-population-2010-2019-states-code.csv,us-population-2010-2019-states-code.csv,us-population-2010-2019-states-code.csv,us-population-2010-2019-states-code.csv,True
Minnesota,27,2018,True,us-population-2010-2019-states-code.csv,MN,us-population-2010-2019-states-code.csv,us-population-2010-2019-states-code.csv,us-population-2010-2019-states-code.csv,5606249,us-population-2010-2019-states-code.csv,us-population-2010-2019-states-code.csv,us-population-2010-2019-states-code.csv,us-population-2010-2019-states-code.csv,us-population-2010-2019-states-code.csv,us-population-2010-2019-states-code.csv,True
Mississippi,28,2018,True,us-population-2010-2019-states-code.csv,MS,us-population-2010-2019-states-code.csv,us-population-2010-2019-states-code.csv,us-population-2010-2019-states-code.csv,2981020,us-population-2010-2019-states-code.csv,us-population-2010-2019-states-code.csv,us-population-2010-2019-states-code.csv,us-population-2010-2019-states-code.csv,us-population-2010-2019-states-code.csv,us-population-2010-2019-states-code.csv,True
Missouri,29,2018,True,us-population-2010-2019-states-code.csv,MO,us-population-2010-2019-states-code.csv,us-population-2010-2019-states-code.csv,us-population-2010-2019-states-code.csv,6121623,us-population-2010-2019-states-code.csv,us-population-2010-2019-states-code.csv,us-population-2010-2019-states-code.csv,us-population-2010-2019-states-code.csv,us-population-2010-2019-states-code.csv,us-population-2010-2019-states-code.csv,True
Montana,30,2018,True,us-population-2010-2019-states-code.csv,MT,us-population-2010-2019-states-code.csv,us-population-2010-2019-states-code.csv,us-population-2010-2019-states-code.csv,1060665,us-population-2010-2019-states-code.csv,us-population-2010-2019-states-code.csv,us-population-2010-2019-states-code.csv,us-population-2010-2019-states-code.csv,us-population-2010-2019-states-code.csv,us-population-2010-2019-states-code.csv,True
Nebraska,31,2018,True,us-population-2010-2019-states-code.csv,NE,us-population-2010-2019-states-code.csv,us-population-2010-2019-states-code.csv,us-population-2010-2019-states-code.csv,1925614,us-population-2010-2019-states-code.csv,us-population-2010-2019-states-code.csv,us-population-2010-2019-states-code.csv,us-population-2010-2019-states-code.csv,us-population-2010-2019-states-code.csv,us-population-2010-2019-states-code.csv,True
Nevada,32,2018,True,us-population-2010-2019-states-code.csv,NV,us-population-2010-2019-states-code.csv,us-population-2010-2019-states-code.csv,us-population-2010-2019-states-code.csv,3027341,us-population-2010-2019-states-code.csv,us-population-2010-2019-states-code.csv,us-population-2010-2019-states-code.csv,us-population-2010-2019-states-code.csv,us-population-2010-2019-states-code.csv,us-population-2010-2019-states-code.csv,True
New Hampshire,33,2018,True,us-population-2010-2019-states-code.csv,NH,us-population-2010-2019-states-code.csv,us-population-2010-2019-states-code.csv,us-population-2010-2019-states-code.csv,1353465,us-population-2010-2019-states-code.csv,us-population-2010-2019-states-code.csv,us-population-2010-2019-states-code.csv,us-population-2010-2019-states-code.csv,us-population-2010-2019-states-code.csv,us-population-2010-2019-states-code.csv,True
New Jersey,34,2018,True,us-population-2010-2019-states-code.csv,NJ,us-population-2010-2019-states-code.csv,us-population-2010-2019-states-code.csv,us-population-2010-2019-states-code.csv,8886025,us-population-2010-2019-states-code.csv,us-population-2010-2019-states-code.csv,us-population-2010-2019-states-code.csv,us-population-2010-2019-states-code.csv,us-population-2010-2019-states-code.csv,us-population-2010-2019-states-code.csv,True
New Mexico,35,2018,True,us-population-2010-2019-states-code.csv,NM,us-population-2010-2019-states-code.csv,us-population-2010-2019-states-code.csv,us-population-2010-2019-states-code.csv,2092741,us-population-2010-2019-states-code.csv,us-population-2010-2019-states-code.csv,us-population-2010-2019-states-code.csv,us-population-2010-2019-states-code.csv,us-population-2010-2019-states-code.csv,us-population-2010-2019-states-code.csv,True
New York,36,2018,True,us-population-2010-2019-states-code.csv,NY,us-population-2010-2019-states-code.csv,us-population-2010-2019-states-code.csv,us-population-2010-2019-states-code.csv,19530351,us-population-2010-2019-states-code.csv,us-population-2010-2019-states-code.csv,us-population-2010-2019-states-code.csv,us-population-2010-2019-states-code.csv,us-population-2010-2019-states-code.csv,us-population-2010-2019-states-code.csv,True
North Carolina,37,2018,True,us-population-2010-2019-states-code.csv,NC,us-population-2010-2019-states-code.csv,us-population-2010-2019-states-code.csv,us-population-2010-2019-states-code.csv,10381615,us-population-2010-2019-states-code.csv,us-population-2010-2019-states-code.csv,us-population-2010-2019-states-code.csv,us-population-2010-2019-states-code.csv,us-population-2010-2019-states-code.csv,us-population-2010-2019-states-code.csv,True
North Dakota,38,2018,True,us-population-2010-2019-states-code.csv,ND,us-population-2010-2019-states-code.csv,us-population-2010-2019-states-code.csv,us-population-2010-2019-states-code.csv,758080,us-population-2010-2019-states-code.csv,us-population-2010-2019-states-code.csv,us-population-2010-2019-states-code.csv,us-population-2010-2019-states-code.csv,us-population-2010-2019-states-code.csv,us-population-2010-2019-states-code.csv,True
Ohio,39,2018,True,us-population-2010-2019-states-code.csv,OH,us-population-2010-2019-states-code.csv,us-population-2010-2019-states-code.csv,us-population-2010-2019-states-code.csv,11676341,us-population-2010-2019-states-code.csv,us-population-2010-2019-states-code.csv,us-population-2010-2019-states-code.csv,us-population-2010-2019-states-code.csv,us-population-2010-2019-states-code.csv,us-population-2010-2019-states-code.csv,True
Oklahoma,40,2018,True,us-population-2010-2019-states-code.csv,OK,us-population-2010-2019-states-code.csv,us-population-2010-2019-states-code.csv,us-population-2010-2019-states-code.csv,3940235,us-population-2010-2019-states-code.csv,us-population-2010-2019-states-code.csv,us-population-2010-2019-states-code.csv,us-population-2010-2019-states-code.csv,us-population-2010-2019-states-code.csv,us-population-2010-2019-states-code.csv,True
Oregon,41,2018,True,us-population-2010-2019-states-code.csv,OR,us-population-2010-2019-states-code.csv,us-population-2010-2019-states-code.csv,us-population-2010-2019-states-code.csv,4181886,us-population-2010-2019-states-code.csv,us-population-2010-2019-states-code.csv,us-population-2010-2019-states-code.csv,us-population-2010-2019-states-code.csv,us-population-2010-2019-states-code.csv,us-population-2010-2019-states-code.csv,True
Pennsylvania,42,2018,True,us-population-2010-2019-states-code.csv,PA,us-population-2010-2019-states-code.csv,us-population-2010-2019-states-code.csv,us-population-2010-2019-states-code.csv,12800922,us-population-2010-2019-states-code.csv,us-population-2010-2019-states-code.csv,us-population-2010-2019-states-code.csv,us-population-2010-2019-states-code.csv,us-population-2010-2019-states-code.csv,us-population-2010-2019-states-code.csv,True
Puerto Rico,72,2018,True,us-population-2010-2019-states-code.csv,PR,us-population-2010-2019-states-code.csv,us-population-2010-2019-states-code.csv,us-population-2010-2019-states-code.csv,3193354,us-population-2010-2019-states-code.csv,us-population-2010-2019-states-code.csv,us-population-2010-2019-states-code.csv,us-population-2010-2019-states-code.csv,us-population-2010-2019-states-code.csv,us-population-2010-2019-states-code.csv,True
Rhode Island,44,2018,True,us-population-2010-2019-states-code.csv,RI,us-population-2010-2019-states-code.csv,us-population-2010-2019-states-code.csv,us-population-2010-2019-states-code.csv,1058287,us-population-2010-2019-states-code.csv,us-population-2010-2019-states-code.csv,us-population-2010-2019-states-code.csv,us-population-2010-2019-states-code.csv,us-population-2010-2019-states-code.csv,us-population-2010-2019-states-code.csv,True
South Carolina,45,2018,True,us-population-2010-2019-states-code.csv,SC,us-population-2010-2019-states-code.csv,us-population-2010-2019-states-code.csv,us-population-2010-2019-states-code.csv,5084156,us-population-2010-2019-states-code.csv,us-population-2010-2019-states-code.csv,us-population-2010-2019-states-code.csv,us-population-2010-2019-states-code.csv,us-population-2010-2019-states-code.csv,us-population-2010-2019-states-code.csv,True
South Dakota,46,2018,True,us-population-2010-2019-states-code.csv,SD,us-population-2010-2019-states-code.csv,us-population-2010-2019-states-code.csv,us-population-2010-2019-states-code.csv,878698,us-population-2010-2019-states-code.csv,us-population-2010-2019-states-code.csv,us-population-2010-2019-states-code.csv,us-population-2010-2019-states-code.csv,us-population-2010-2019-states-code.csv,us-population-2010-2019-states-code.csv,True
Tennessee,47,2018,True,us-population-2010-2019-states-code.csv,TN,us-population-2010-2019-states-code.csv,us-population-2010-2019-states-code.csv,us-population-2010-2019-states-code.csv,6771631,us-population-2010-2019-states-code.csv,us-population-2010-2019-states-code.csv,us-population-2010-2019-states-code.csv,us-population-2010-2019-states-code.csv,us-population-2010-2019-states-code.csv,us-population-2010-2019-states-code.csv,True
Texas,48,2018,True,us-population-2010-2019-states-code.csv,TX,us-population-2010-2019-states-code.csv,us-population-2010-2019-states-code.csv,us-population-2010-2019-states-code.csv,28628666,us-population-2010-2019-states-code.csv,us-population-2010-2019-states-code.csv,us-population-2010-2019-states-code.csv,us-population-2010-2019-states-code.csv,us-population-2010-2019-states-code.csv,us-population-2010-2019-states-code.csv,True
Utah,49,2018,True,us-population-2010-2019-states-code.csv,UT,us-population-2010-2019-states-code.csv,us-population-2010-2019-states-code.csv,us-population-2010-2019-states-code.csv,3153550,us-population-2010-2019-states-code.csv,us-population-2010-2019-states-code.csv,us-population-2010-2019-states-code.csv,us-population-2010-2019-states-code.csv,us-population-2010-2019-states-code.csv,us-population-2010-2019-states-code.csv,True
Vermont,50,2018,True,us-population-2010-2019-states-code.csv,VT,us-population-2010-2019-states-code.csv,us-population-2010-2019-states-code.csv,us-population-2010-2019-states-code.csv,624358,us-population-2010-2019-states-code.csv,us-population-2010-2019-states-code.csv,us-population-2010-2019-states-code.csv,us-population-2010-2019-states-code.csv,us-population-2010-2019-states-code.csv,us-population-2010-2019-states-code.csv,True
Virginia,51,2018,True,us-population-2010-2019-states-code.csv,VA,us-population-2010-2019-states-code.csv,us-population-2010-2019-states-code.csv,us-population-2010-2019-states-code.csv,8501286,us-population-2010-2019-states-code.csv,us-population-2010-2019-states-code.csv,us-population-2010-2019-states-code.csv,us-population-2010-2019-states-code.csv,us-population-2010-2019-states-code.csv,us-population-2010-2019-states-code.csv,True
Washington,53,2018,True,us-population-2010-2019-states-code.csv,WA,us-population-2010-2019-states-code.csv,us-population-2010-2019-states-code.csv,us-population-2010-2019-states-code.csv,7523869,us-population-2010-2019-states-code.csv,us-population-2010-2019-states-code.csv,us-population-2010-2019-states-code.csv,us-population-2010-2019-states-code.csv,us-population-2010-2019-states-code.csv,us-population-2010-2019-states-code.csv,True
West Virginia,54,2018,True,us-population-2010-2019-states-code.csv,WV,us-population-2010-2019-states-code.csv,us-population-2010-2019-states-code.csv,us-population-2010-2019-states-code.csv,1804291,us-population-2010-2019-states-code.csv,us-population-2010-2019-states-code.csv,us-population-2010-2019-states-code.csv,us-population-2010-2019-states-code.csv,us-population-2010-2019-states-code.csv,us-population-2010-2019-states-code.csv,True
Wisconsin,55,2018,True,us-population-2010-2019-states-code.csv,WI,us-population-2010-2019-states-code.csv,us-population-2010-2019-states-code.csv,us-population-2010-2019-states-code.csv,5807406,us-population-2010-2019-states-code.csv,us-population-2010-2019-states-code.csv,us-population-2010-2019-states-code.csv,us-population-2010-2019-states-code.csv,us-population-2010-2019-states-code.csv,us-population-2010-2019-states-code.csv,True
Wyoming,56,2018,True,us-population-2010-2019-states-code.csv,WY,us-population-2010-2019-states-code.csv,us-population-2010-2019-states-code.csv,us-population-2010-2019-states-code.csv,577601,us-population-2010-2019-states-code.csv,us-population-2010-2019-states-code.csv,us-population-2010-2019-states-code.csv,us-population-2010-2019-states-code.csv,us-population-2010-2019-states-code.csv,us-population-2010-2019-states-code.csv,True
Alabama,1,2019,True,us-population-2010-2019-states-code.csv,AL,us-population-2010-2019-states-code.csv,us-population-2010-2019-states-code.csv,us-population-2010-2019-states-code.csv,4903185,us-population-2010-2019-states-code.csv,us-population-2010-2019-states-code.csv,us-population-2010-2019-states-code.csv,us-population-2010-2019-states-code.csv,us-population-2010-2019-states-code.csv,us-population-2010-2019-states-code.csv,True
Alaska,2,2019,True,us-population-2010-2019-states-code.csv,AK,us-population-2010-2019-states-code.csv,us-population-2010-2019-states-code.csv,us-population-2010-2019-states-code.csv,731545,us-population-2010-2019-states-code.csv,us-population-2010-2019-states-code.csv,us-population-2010-2019-states-code.csv,us-population-2010-2019-states-code.csv,us-population-2010-2019-states-code.csv,us-population-2010-2019-states-code.csv,True
Arizona,4,2019,True,us-population-2010-2019-states-code.csv,AZ,us-population-2010-2019-states-code.csv,us-population-2010-2019-states-code.csv,us-population-2010-2019-states-code.csv,7278717,us-population-2010-2019-states-code.csv,us-population-2010-2019-states-code.csv,us-population-2010-2019-states-code.csv,us-population-2010-2019-states-code.csv,us-population-2010-2019-states-code.csv,us-population-2010-2019-states-code.csv,True
Arkansas,5,2019,True,us-population-2010-2019-states-code.csv,AR,us-population-2010-2019-states-code.csv,us-population-2010-2019-states-code.csv,us-population-2010-2019-states-code.csv,3017804,us-population-2010-2019-states-code.csv,us-population-2010-2019-states-code.csv,us-population-2010-2019-states-code.csv,us-population-2010-2019-states-code.csv,us-population-2010-2019-states-code.csv,us-population-2010-2019-states-code.csv,True
California,6,2019,True,us-population-2010-2019-states-code.csv,CA,us-population-2010-2019-states-code.csv,us-population-2010-2019-states-code.csv,us-population-2010-2019-states-code.csv,39512223,us-population-2010-2019-states-code.csv,us-population-2010-2019-states-code.csv,us-population-2010-2019-states-code.csv,us-population-2010-2019-states-code.csv,us-population-2010-2019-states-code.csv,us-population-2010-2019-states-code.csv,True
Colorado,8,2019,True,us-population-2010-2019-states-code.csv,CO,us-population-2010-2019-states-code.csv,us-population-2010-2019-states-code.csv,us-population-2010-2019-states-code.csv,5758736,us-population-2010-2019-states-code.csv,us-population-2010-2019-states-code.csv,us-population-2010-2019-states-code.csv,us-population-2010-2019-states-code.csv,us-population-2010-2019-states-code.csv,us-population-2010-2019-states-code.csv,True
Connecticut,9,2019,True,us-population-2010-2019-states-code.csv,CT,us-population-2010-2019-states-code.csv,us-population-2010-2019-states-code.csv,us-population-2010-2019-states-code.csv,3565287,us-population-2010-2019-states-code.csv,us-population-2010-2019-states-code.csv,us-population-2010-2019-states-code.csv,us-population-2010-2019-states-code.csv,us-population-2010-2019-states-code.csv,us-population-2010-2019-states-code.csv,True
Delaware,10,2019,True,us-population-2010-2019-states-code.csv,DE,us-population-2010-2019-states-code.csv,us-population-2010-2019-states-code.csv,us-population-2010-2019-states-code.csv,973764,us-population-2010-2019-states-code.csv,us-population-2010-2019-states-code.csv,us-population-2010-2019-states-code.csv,us-population-2010-2019-states-code.csv,us-population-2010-2019-states-code.csv,us-population-2010-2019-states-code.csv,True
District of Columbia,11,2019,True,us-population-2010-2019-states-code.csv,DC,us-population-2010-2019-states-code.csv,us-population-2010-2019-states-code.csv,us-population-2010-2019-states-code.csv,705749,us-population-2010-2019-states-code.csv,us-population-2010-2019-states-code.csv,us-population-2010-2019-states-code.csv,us-population-2010-2019-states-code.csv,us-population-2010-2019-states-code.csv,us-population-2010-2019-states-code.csv,True
Florida,12,2019,True,us-population-2010-2019-states-code.csv,FL,us-population-2010-2019-states-code.csv,us-population-2010-2019-states-code.csv,us-population-2010-2019-states-code.csv,21477737,us-population-2010-2019-states-code.csv,us-population-2010-2019-states-code.csv,us-population-2010-2019-states-code.csv,us-population-2010-2019-states-code.csv,us-population-2010-2019-states-code.csv,us-population-2010-2019-states-code.csv,True
Georgia,13,2019,True,us-population-2010-2019-states-code.csv,GA,us-population-2010-2019-states-code.csv,us-population-2010-2019-states-code.csv,us-population-2010-2019-states-code.csv,10617423,us-population-2010-2019-states-code.csv,us-population-2010-2019-states-code.csv,us-population-2010-2019-states-code.csv,us-population-2010-2019-states-code.csv,us-population-2010-2019-states-code.csv,us-population-2010-2019-states-code.csv,True
Hawaii,15,2019,True,us-population-2010-2019-states-code.csv,HI,us-population-2010-2019-states-code.csv,us-population-2010-2019-states-code.csv,us-population-2010-2019-states-code.csv,1415872,us-population-2010-2019-states-code.csv,us-population-2010-2019-states-code.csv,us-population-2010-2019-states-code.csv,us-population-2010-2019-states-code.csv,us-population-2010-2019-states-code.csv,us-population-2010-2019-states-code.csv,True
Idaho,16,2019,True,us-population-2010-2019-states-code.csv,ID,us-population-2010-2019-states-code.csv,us-population-2010-2019-states-code.csv,us-population-2010-2019-states-code.csv,1787065,us-population-2010-2019-states-code.csv,us-population-2010-2019-states-code.csv,us-population-2010-2019-states-code.csv,us-population-2010-2019-states-code.csv,us-population-2010-2019-states-code.csv,us-population-2010-2019-states-code.csv,True
Illinois,17,2019,True,us-population-2010-2019-states-code.csv,IL,us-population-2010-2019-states-code.csv,us-population-2010-2019-states-code.csv,us-population-2010-2019-states-code.csv,12671821,us-population-2010-2019-states-code.csv,us-population-2010-2019-states-code.csv,us-population-2010-2019-states-code.csv,us-population-2010-2019-states-code.csv,us-population-2010-2019-states-code.csv,us-population-2010-2019-states-code.csv,True
Indiana,18,2019,True,us-population-2010-2019-states-code.csv,IN,us-population-2010-2019-states-code.csv,us-population-2010-2019-states-code.csv,us-population-2010-2019-states-code.csv,6732219,us-population-2010-2019-states-code.csv,us-population-2010-2019-states-code.csv,us-population-2010-2019-states-code.csv,us-population-2010-2019-states-code.csv,us-population-2010-2019-states-code.csv,us-population-2010-2019-states-code.csv,True
Iowa,19,2019,True,us-population-2010-2019-states-code.csv,IA,us-population-2010-2019-states-code.csv,us-population-2010-2019-states-code.csv,us-population-2010-2019-states-code.csv,3155070,us-population-2010-2019-states-code.csv,us-population-2010-2019-states-code.csv,us-population-2010-2019-states-code.csv,us-population-2010-2019-states-code.csv,us-population-2010-2019-states-code.csv,us-population-2010-2019-states-code.csv,True
Kansas,20,2019,True,us-population-2010-2019-states-code.csv,KS,us-population-2010-2019-states-code.csv,us-population-2010-2019-states-code.csv,us-population-2010-2019-states-code.csv,2913314,us-population-2010-2019-states-code.csv,us-population-2010-2019-states-code.csv,us-population-2010-2019-states-code.csv,us-population-2010-2019-states-code.csv,us-population-2010-2019-states-code.csv,us-population-2010-2019-states-code.csv,True
Kentucky,21,2019,True,us-population-2010-2019-states-code.csv,KY,us-population-2010-2019-states-code.csv,us-population-2010-2019-states-code.csv,us-population-2010-2019-states-code.csv,4467673,us-population-2010-2019-states-code.csv,us-population-2010-2019-states-code.csv,us-population-2010-2019-states-code.csv,us-population-2010-2019-states-code.csv,us-population-2010-2019-states-code.csv,us-population-2010-2019-states-code.csv,True
Louisiana,22,2019,True,us-population-2010-2019-states-code.csv,LA,us-population-2010-2019-states-code.csv,us-population-2010-2019-states-code.csv,us-population-2010-2019-states-code.csv,4648794,us-population-2010-2019-states-code.csv,us-population-2010-2019-states-code.csv,us-population-2010-2019-states-code.csv,us-population-2010-2019-states-code.csv,us-population-2010-2019-states-code.csv,us-population-2010-2019-states-code.csv,True
Maine,23,2019,True,us-population-2010-2019-states-code.csv,ME,us-population-2010-2019-states-code.csv,us-population-2010-2019-states-code.csv,us-population-2010-2019-states-code.csv,1344212,us-population-2010-2019-states-code.csv,us-population-2010-2019-states-code.csv,us-population-2010-2019-states-code.csv,us-population-2010-2019-states-code.csv,us-population-2010-2019-states-code.csv,us-population-2010-2019-states-code.csv,True
Maryland,24,2019,True,us-population-2010-2019-states-code.csv,MD,us-population-2010-2019-states-code.csv,us-population-2010-2019-states-code.csv,us-population-2010-2019-states-code.csv,6045680,us-population-2010-2019-states-code.csv,us-population-2010-2019-states-code.csv,us-population-2010-2019-states-code.csv,us-population-2010-2019-states-code.csv,us-population-2010-2019-states-code.csv,us-population-2010-2019-states-code.csv,True
Massachusetts,25,2019,True,us-population-2010-2019-states-code.csv,MA,us-population-2010-2019-states-code.csv,us-population-2010-2019-states-code.csv,us-population-2010-2019-states-code.csv,6892503,us-population-2010-2019-states-code.csv,us-population-2010-2019-states-code.csv,us-population-2010-2019-states-code.csv,us-population-2010-2019-states-code.csv,us-population-2010-2019-states-code.csv,us-population-2010-2019-states-code.csv,True
Michigan,26,2019,True,us-population-2010-2019-states-code.csv,MI,us-population-2010-2019-states-code.csv,us-population-2010-2019-states-code.csv,us-population-2010-2019-states-code.csv,9986857,us-population-2010-2019-states-code.csv,us-population-2010-2019-states-code.csv,us-population-2010-2019-states-code.csv,us-population-2010-2019-states-code.csv,us-population-2010-2019-states-code.csv,us-population-2010-2019-states-code.csv,True
Minnesota,27,2019,True,us-population-2010-2019-states-code.csv,MN,us-population-2010-2019-states-code.csv,us-population-2010-2019-states-code.csv,us-population-2010-2019-states-code.csv,5639632,us-population-2010-2019-states-code.csv,us-population-2010-2019-states-code.csv,us-population-2010-2019-states-code.csv,us-population-2010-2019-states-code.csv,us-population-2010-2019-states-code.csv,us-population-2010-2019-states-code.csv,True
Mississippi,28,2019,True,us-population-2010-2019-states-code.csv,MS,us-population-2010-2019-states-code.csv,us-population-2010-2019-states-code.csv,us-population-2010-2019-states-code.csv,2976149,us-population-2010-2019-states-code.csv,us-population-2010-2019-states-code.csv,us-population-2010-2019-states-code.csv,us-population-2010-2019-states-code.csv,us-population-2010-2019-states-code.csv,us-population-2010-2019-states-code.csv,True
Missouri,29,2019,True,us-population-2010-2019-states-code.csv,MO,us-population-2010-2019-states-code.csv,us-population-2010-2019-states-code.csv,us-population-2010-2019-states-code.csv,6137428,us-population-2010-2019-states-code.csv,us-population-2010-2019-states-code.csv,us-population-2010-2019-states-code.csv,us-population-2010-2019-states-code.csv,us-population-2010-2019-states-code.csv,us-population-2010-2019-states-code.csv,True
Montana,30,2019,True,us-population-2010-2019-states-code.csv,MT,us-population-2010-2019-states-code.csv,us-population-2010-2019-states-code.csv,us-population-2010-2019-states-code.csv,1068778,us-population-2010-2019-states-code.csv,us-population-2010-2019-states-code.csv,us-population-2010-2019-states-code.csv,us-population-2010-2019-states-code.csv,us-population-2010-2019-states-code.csv,us-population-2010-2019-states-code.csv,True
Nebraska,31,2019,True,us-population-2010-2019-states-code.csv,NE,us-population-2010-2019-states-code.csv,us-population-2010-2019-states-code.csv,us-population-2010-2019-states-code.csv,1934408,us-population-2010-2019-states-code.csv,us-population-2010-2019-states-code.csv,us-population-2010-2019-states-code.csv,us-population-2010-2019-states-code.csv,us-population-2010-2019-states-code.csv,us-population-2010-2019-states-code.csv,True
Nevada,32,2019,True,us-population-2010-2019-states-code.csv,NV,us-population-2010-2019-states-code.csv,us-population-2010-2019-states-code.csv,us-population-2010-2019-states-code.csv,3080156,us-population-2010-2019-states-code.csv,us-population-2010-2019-states-code.csv,us-population-2010-2019-states-code.csv,us-population-2010-2019-states-code.csv,us-population-2010-2019-states-code.csv,us-population-2010-2019-states-code.csv,True
New Hampshire,33,2019,True,us-population-2010-2019-states-code.csv,NH,us-population-2010-2019-states-code.csv,us-population-2010-2019-states-code.csv,us-population-2010-2019-states-code.csv,1359711,us-population-2010-2019-states-code.csv,us-population-2010-2019-states-code.csv,us-population-2010-2019-states-code.csv,us-population-2010-2019-states-code.csv,us-population-2010-2019-states-code.csv,us-population-2010-2019-states-code.csv,True
New Jersey,34,2019,True,us-population-2010-2019-states-code.csv,NJ,us-population-2010-2019-states-code.csv,us-population-2010-2019-states-code.csv,us-population-2010-2019-states-code.csv,8882190,us-population-2010-2019-states-code.csv,us-population-2010-2019-states-code.csv,us-population-2010-2019-states-code.csv,us-population-2010-2019-states-code.csv,us-population-2010-2019-states-code.csv,us-population-2010-2019-states-code.csv,True
New Mexico,35,2019,True,us-population-2010-2019-states-code.csv,NM,us-population-2010-2019-states-code.csv,us-population-2010-2019-states-code.csv,us-population-2010-2019-states-code.csv,2096829,us-population-2010-2019-states-code.csv,us-population-2010-2019-states-code.csv,us-population-2010-2019-states-code.csv,us-population-2010-2019-states-code.csv,us-population-2010-2019-states-code.csv,us-population-2010-2019-states-code.csv,True
New York,36,2019,True,us-population-2010-2019-states-code.csv,NY,us-population-2010-2019-states-code.csv,us-population-2010-2019-states-code.csv,us-population-2010-2019-states-code.csv,19453561,us-population-2010-2019-states-code.csv,us-population-2010-2019-states-code.csv,us-population-2010-2019-states-code.csv,us-population-2010-2019-states-code.csv,us-population-2010-2019-states-code.csv,us-population-2010-2019-states-code.csv,True
North Carolina,37,2019,True,us-population-2010-2019-states-code.csv,NC,us-population-2010-2019-states-code.csv,us-population-2010-2019-states-code.csv,us-population-2010-2019-states-code.csv,10488084,us-population-2010-2019-states-code.csv,us-population-2010-2019-states-code.csv,us-population-2010-2019-states-code.csv,us-population-2010-2019-states-code.csv,us-population-2010-2019-states-code.csv,us-population-2010-2019-states-code.csv,True
North Dakota,38,2019,True,us-population-2010-2019-states-code.csv,ND,us-population-2010-2019-states-code.csv,us-population-2010-2019-states-code.csv,us-population-2010-2019-states-code.csv,762062,us-population-2010-2019-states-code.csv,us-population-2010-2019-states-code.csv,us-population-2010-2019-states-code.csv,us-population-2010-2019-states-code.csv,us-population-2010-2019-states-code.csv,us-population-2010-2019-states-code.csv,True
Ohio,39,2019,True,us-population-2010-2019-states-code.csv,OH,us-population-2010-2019-states-code.csv,us-population-2010-2019-states-code.csv,us-population-2010-2019-states-code.csv,11689100,us-population-2010-2019-states-code.csv,us-population-2010-2019-states-code.csv,us-population-2010-2019-states-code.csv,us-population-2010-2019-states-code.csv,us-population-2010-2019-states-code.csv,us-population-2010-2019-states-code.csv,True
Oklahoma,40,2019,True,us-population-2010-2019-states-code.csv,OK,us-population-2010-2019-states-code.csv,us-population-2010-2019-states-code.csv,us-population-2010-2019-states-code.csv,3956971,us-population-2010-2019-states-code.csv,us-population-2010-2019-states-code.csv,us-population-2010-2019-states-code.csv,us-population-2010-2019-states-code.csv,us-population-2010-2019-states-code.csv,us-population-2010-2019-states-code.csv,True
Oregon,41,2019,True,us-population-2010-2019-states-code.csv,OR,us-population-2010-2019-states-code.csv,us-population-2010-2019-states-code.csv,us-population-2010-2019-states-code.csv,4217737,us-population-2010-2019-states-code.csv,us-population-2010-2019-states-code.csv,us-population-2010-2019-states-code.csv,us-population-2010-2019-states-code.csv,us-population-2010-2019-states-code.csv,us-population-2010-2019-states-code.csv,True
Pennsylvania,42,2019,True,us-population-2010-2019-states-code.csv,PA,us-population-2010-2019-states-code.csv,us-population-2010-2019-states-code.csv,us-population-2010-2019-states-code.csv,12801989,us-population-2010-2019-states-code.csv,us-population-2010-2019-states-code.csv,us-population-2010-2019-states-code.csv,us-population-2010-2019-states-code.csv,us-population-2010-2019-states-code.csv,us-population-2010-2019-states-code.csv,True
Puerto Rico,72,2019,True,us-population-2010-2019-states-code.csv,PR,us-population-2010-2019-states-code.csv,us-population-2010-2019-states-code.csv,us-population-2010-2019-states-code.csv,3193694,us-population-2010-2019-states-code.csv,us-population-2010-2019-states-code.csv,us-population-2010-2019-states-code.csv,us-population-2010-2019-states-code.csv,us-population-2010-2019-states-code.csv,us-population-2010-2019-states-code.csv,True
Rhode Island,44,2019,True,us-population-2010-2019-states-code.csv,RI,us-population-2010-2019-states-code.csv,us-population-2010-2019-states-code.csv,us-population-2010-2019-states-code.csv,1059361,us-population-2010-2019-states-code.csv,us-population-2010-2019-states-code.csv,us-population-2010-2019-states-code.csv,us-population-2010-2019-states-code.csv,us-population-2010-2019-states-code.csv,us-population-2010-2019-states-code.csv,True
South Carolina,45,2019,True,us-population-2010-2019-states-code.csv,SC,us-population-2010-2019-states-code.csv,us-population-2010-2019-states-code.csv,us-population-2010-2019-states-code.csv,5148714,us-population-2010-2019-states-code.csv,us-population-2010-2019-states-code.csv,us-population-2010-2019-states-code.csv,us-population-2010-2019-states-code.csv,us-population-2010-2019-states-code.csv,us-population-2010-2019-states-code.csv,True
South Dakota,46,2019,True,us-population-2010-2019-states-code.csv,SD,us-population-2010-2019-states-code.csv,us-population-2010-2019-states-code.csv,us-population-2010-2019-states-code.csv,884659,us-population-2010-2019-states-code.csv,us-population-2010-2019-states-code.csv,us-population-2010-2019-states-code.csv,us-population-2010-2019-states-code.csv,us-population-2010-2019-states-code.csv,us-population-2010-2019-states-code.csv,True
Tennessee,47,2019,True,us-population-2010-2019-states-code.csv,TN,us-population-2010-2019-states-code.csv,us-population-2010-2019-states-code.csv,us-population-2010-2019-states-code.csv,6829174,us-population-2010-2019-states-code.csv,us-population-2010-2019-states-code.csv,us-population-2010-2019-states-code.csv,us-population-2010-2019-states-code.csv,us-population-2010-2019-states-code.csv,us-population-2010-2019-states-code.csv,True
Texas,48,2019,True,us-population-2010-2019-states-code.csv,TX,us-population-2010-2019-states-code.csv,us-population-2010-2019-states-code.csv,us-population-2010-2019-states-code.csv,28995881,us-population-2010-2019-states-code.csv,us-population-2010-2019-states-code.csv,us-population-2010-2019-states-code.csv,us-population-2010-2019-states-code.csv,us-population-2010-2019-states-code.csv,us-population-2010-2019-states-code.csv,True
Utah,49,2019,True,us-population-2010-2019-states-code.csv,UT,us-population-2010-2019-states-code.csv,us-population-2010-2019-states-code.csv,us-population-2010-2019-states-code.csv,3205958,us-population-2010-2019-states-code.csv,us-population-2010-2019-states-code.csv,us-population-2010-2019-states-code.csv,us-population-2010-2019-states-code.csv,us-population-2010-2019-states-code.csv,us-population-2010-2019-states-code.csv,True
Vermont,50,2019,True,us-population-2010-2019-states-code.csv,VT,us-population-2010-2019-states-code.csv,us-population-2010-2019-states-code.csv,us-population-2010-2019-states-code.csv,623989,us-population-2010-2019-states-code.csv,us-population-2010-2019-states-code.csv,us-population-2010-2019-states-code.csv,us-population-2010-2019-states-code.csv,us-population-2010-2019-states-code.csv,us-population-2010-2019-states-code.csv,True
Virginia,51,2019,True,us-population-2010-2019-states-code.csv,VA,us-population-2010-2019-states-code.csv,us-population-2010-2019-states-code.csv,us-population-2010-2019-states-code.csv,8535519,us-population-2010-2019-states-code.csv,us-population-2010-2019-states-code.csv,us-population-2010-2019-states-code.csv,us-population-2010-2019-states-code.csv,us-population-2010-2019-states-code.csv,us-population-2010-2019-states-code.csv,True
Washington,53,2019,True,us-population-2010-2019-states-code.csv,WA,us-population-2010-2019-states-code.csv,us-population-2010-2019-states-code.csv,us-population-2010-2019-states-code.csv,7614893,us-population-2010-2019-states-code.csv,us-population-2010-2019-states-code.csv,us-population-2010-2019-states-code.csv,us-population-2010-2019-states-code.csv,us-population-2010-2019-states-code.csv,us-population-2010-2019-states-code.csv,True
West Virginia,54,2019,True,us-population-2010-2019-states-code.csv,WV,us-population-2010-2019-states-code.csv,us-population-2010-2019-states-code.csv,us-population-2010-2019-states-code.csv,1792147,us-population-2010-2019-states-code.csv,us-population-2010-2019-states-code.csv,us-population-2010-2019-states-code.csv,us-population-2010-2019-states-code.csv,us-population-2010-2019-states-code.csv,us-population-2010-2019-states-code.csv,True
Wisconsin,55,2019,True,us-population-2010-2019-states-code.csv,WI,us-population-2010-2019-states-code.csv,us-population-2010-2019-states-code.csv,us-population-2010-2019-states-code.csv,5822434,us-population-2010-2019-states-code.csv,us-population-2010-2019-states-code.csv,us-population-2010-2019-states-code.csv,us-population-2010-2019-states-code.csv,us-population-2010-2019-states-code.csv,us-population-2010-2019-states-code.csv,True
Wyoming,56,2019,True,us-population-2010-2019-states-code.csv,WY,us-population-2010-2019-states-code.csv,us-population-2010-2019-states-code.csv,us-population-2010-2019-states-code.csv,578759,us-population-2010-2019-states-code.csv,us-population-2010-2019-states-code.csv,us-population-2010-2019-states-code.csv,us-population-2010-2019-states-code.csv,us-population-2010-2019-states-code.csv,us-population-2010-2019-states-code.csv,True
